motivo_exclusion_termografia,id_articulo,fila_origen,titulo_analisis,puntaje_general,nivel_recomendacion,estrellas,motivo_recomendacion,objetivo_mayor_afinidad,afinidad_O1,afinidad_O2,afinidad_O3,afinidad_O4,senal_mama,senal_cancer,senal_termografia,senal_ia_modelos,senal_clasificacion,terminos_O1,terminos_O2,terminos_O3,terminos_O4,metodo_recomendacion,Database,Authors,Author full names,Title,Year,DOI,Abstract,PubMed ID,Document Type,Open Access,Publisher,Author(s) ID,Link,Funding Details,Source,EID,Publication Type,Book Authors,Book Editors,Book Group Authors,Book Author Full Names,Group Authors,Source Title,Book Series Title,Book Series Subtitle,Language,Conference Title,Conference Date,Conference Location,Conference Sponsor,Conference Host,Author Keywords,Keywords Plus,Addresses,Affiliations,Reprint Addresses,Email Addresses,Researcher Ids,ORCIDs,Funding Orgs,Funding Name Preferred,Funding Text,Cited References,Cited Reference Count,"Times Cited, WoS Core","Times Cited, All Databases",180 Day Usage Count,Since 2013 Usage Count,Publisher City,Publisher Address,ISSN,eISSN,ISBN,Journal Abbreviation,Journal ISO Abbreviation,Publication Date,Volume,Issue,Part Number,Supplement,Special Issue,Meeting Abstract,Start Page,End Page,Article Number,DOI Link,Book DOI,Early Access Date,Number of Pages,WoS Categories,Web of Science Index,Research Areas,IDS Number,Highly Cited Status,Hot Paper Status,Date of Export,UT (Unique WOS ID),Web of Science Record,Authors_WoS,Author_full_names_WoS,Title_WoS,Year_WoS,DOI_WoS,Abstract_WoS,Document_Type_WoS,Open_Access_WoS,Registros_fusionados,Revision_DOI
Título referido a mama animal u otro contexto veterinario,BB-0018,18,Thermal imaging-guided detection of transparent plastic contaminants on chicken breast: A combined vision and simulation approach,49.0,Baja,★,No se detecta una relación explícita con cáncer en los campos analizados. Mayor afinidad calculada: O3.,O3,6.2,5.9,19.6,14.8,Sí,No,Sí,Sí,Sí,"images, breast","images, breast","machine, deep, images, learning, breast","performance, images, breast",prioridad_tfidf_tema_v3,Scopus; Web of Science,Pallerla C.; Bist R.B.; Owens C.M.; Weimer S.; Subbiah J.; Wang D.,"Pallerla, Chaitanya (58626569500); Bist, Ramesh Bahadur (57866456200); Owens, Casey M. (7102511635); Weimer, Shawna (57204457844); Subbiah, Jeyamkondan (22952155100); Wang, Dongyi (58872882900)",Thermal imaging-guided detection of transparent plastic contaminants on chicken breast: A combined vision and simulation approach,2026,10.1016/j.foodres.2025.117993,"Poultry consumption has surged in recent years, raising food safety concerns from foreign material (FM) contamination, particularly transparent plastics that are difficult to detect using conventional methods like X-ray imaging. This study aims to develop a robust detection system for transparent plastic contaminants on chicken meat using thermal imaging integrated with machine learning. Transparent plastics commonly found in the processing plants were cut into various sizes (0.2–8 cm) and placed on raw breast fillets, generating 386 annotated thermal images. A lumped thermal resistance-capacitance (LTRC) model and COMSOL Multiphysics 3D transient heat transfer simulation were also employed to understand thermal behavior and internal heat retention of plastic patches. The thermal contrast between plastic and chicken reached up to 1.05 °C in the experiment setup. The YOLOv8s model achieved a detection precision of 0.983 and segmentation precision of 0.949. These results demonstrate the effectiveness of combining thermal imaging and deep learning to reliably detect low-density, transparent FMs, enhancing food safety and inspection capabilities in poultry processing. © 2024",41412667,Article,,Elsevier Ltd,58626569500; 57866456200; 7102511635; 57204457844; 22952155100; 58872882900,https://www.scopus.com/pages/publications/105024430494?origin=resultslist,"National Science Foundation, NSF; College of Engineering, University of Arkansas; Arkansas High Performance Computing Center, University of Arkansas, AHPCC; Arkansas Economic Development Commission, AEDC; University of Arkansas Experimental Station; National Institute of Food and Agriculture, NIFA, (2023-70442-39232)",Scopus,2-s2.0-105024430494,J,,,,,,FOOD RESEARCH INTERNATIONAL,,,,,,,,,Thermal imaging; Computer vision; Transparent plastic; Chicken breast; Detection and segmentation; COMSOL Multiphysics simulation,FOREIGN-BODIES; FOOD; PERFORMANCE; MEAT,"[Pallerla, Chaitanya; Bist, Ramesh Bahadur; Wang, Dongyi] Univ Arkansas, Dept Biol & Agr Engn, Fayetteville, AR 72701 USA; [Pallerla, Chaitanya; Subbiah, Jeyamkondan; Wang, Dongyi] Univ Arkansas, Dept Food Sci, Fayetteville, AR 72704 USA; [Owens, Casey M.; Weimer, Shawna] Univ Arkansas, Dept Poultry Sci, Fayetteville, AR 72701 USA",,"Wang, DY (corresponding author), Univ Arkansas, Dept Biol & Agr Engn, Fayetteville, AR 72701 USA.;Wang, DY (corresponding author), Univ Arkansas, Dept Food Sci, Fayetteville, AR 72704 USA.",dongyiw@uark.edu,,,,,,,,,,,,,,0963-9969,1873-7145,,,,JAN 31,224,,,,,,,,117993,0,,,,,,Food Science & Technology,X7458,,,,WOS:001640915800001,0,"Pallerla, C; Bist, RB; Owens, CM; Weimer, S; Subbiah, J; Wang, DY","Pallerla, Chaitanya; Bist, Ramesh Bahadur; Owens, Casey M.; Weimer, Shawna; Subbiah, Jeyamkondan; Wang, Dongyi",Thermal imaging-guided detection of transparent plastic contaminants on chicken breast: A combined vision and simulation approach,2026,10.1016/j.foodres.2025.117993,"Poultry consumption has surged in recent years, raising food safety concerns from foreign material (FM) contamination, particularly transparent plastics that are difficult to detect using conventional methods like X-ray imaging. This study aims to develop a robust detection system for transparent plastic contaminants on chicken meat using thermal imaging integrated with machine learning. Transparent plastics commonly found in the processing plants were cut into various sizes (0.2-8 cm) and placed on raw breast fillets, generating 386 annotated thermal images. A lumped thermal resistance-capacitance (LTRC) model and COMSOL Multiphysics 3D transient heat transfer simulation were also employed to understand thermal behavior and internal heat retention of plastic patches. The thermal contrast between plastic and chicken reached up to 1.05 degrees C in the experiment setup. The YOLOv8s model achieved a detection precision of 0.983 and segmentation precision of 0.949. These results demonstrate the effectiveness of combining thermal imaging and deep learning to reliably detect low-density, transparent FMs, enhancing food safety and inspection capabilities in poultry processing.",Article,,2,
Sin mención explícita de termografía o imagen térmica/infrarroja,BB-0026,26,Dynamic NIR Fluorescence Imaging and Machine Learning Framework for Stratifying High vs. Low Notch-Dll4 Expressing Host Microenvironment in Triple-Negative Breast Cancer,74.0,Media,★★,Se detectan mama y termografía; conviene comprobar el alcance en el texto completo. Mayor afinidad calculada: O4.,O4,17.2,24.6,43.3,62.9,Sí,Sí,Sí,Sí,Sí,"infrared, classification, cancer, breast","infrared, techniques, classification, cancer, breast","including, machine, infrared, classification, learning, cancer, breast","affect, performance, infrared, classification, cancer, breast",prioridad_tfidf_tema_v3,Scopus,Shafiee S.; Jagtap J.; Zayats M.; Epperlein J.; Banerjee A.; Geurts A.; Flister M.; Zhuk S.; Joshi A.,"Shafiee, Shayan (57219047656); Jagtap, Jaidip (37085341200); Zayats, Mykhaylo (56423541200); Epperlein, Jonathan (55490635100); Banerjee, Anjishnu (56555739800); Geurts, Aron (7003277672); Flister, Michael (15759618600); Zhuk, Sergiy (59157700600); Joshi, Amit (57214346307)",Dynamic NIR Fluorescence Imaging and Machine Learning Framework for Stratifying High vs. Low Notch-Dll4 Expressing Host Microenvironment in Triple-Negative Breast Cancer,2023,10.3390/cancers15051460,"Delta like canonical notch ligand 4 (Dll4) expression levels in tumors are known to affect the efficacy of cancer therapies. This study aimed to develop a model to predict Dll4 expression levels in tumors using dynamic enhanced near-infrared (NIR) imaging with indocyanine green (ICG). Two rat-based consomic xenograft (CXM) strains of breast cancer with different Dll4 expression levels and eight congenic xenograft strains were studied. Principal component analysis (PCA) was used to visualize and segment tumors, and modified PCA techniques identified and analyzed tumor and normal regions of interest (ROIs). The average NIR intensity for each ROI was calculated from pixel brightness at each time interval, yielding easily interpretable features including the slope of initial ICG uptake, time to peak perfusion, and rate of ICG intensity change after reaching half-maximum intensity. Machine learning algorithms were applied to select discriminative features for classification, and model performance was evaluated with a confusion matrix, receiver operating characteristic curve, and area under the curve. The selected machine learning methods accurately identified host Dll4 expression alterations with sensitivity and specificity above 90%. This may enable stratification of patients for Dll4 targeted therapies. NIR imaging with ICG can noninvasively assess Dll4 expression levels in tumors and aid in effective decision making for cancer therapy. © 2023 by the authors.",,Article,All Open Access; Gold Open Access; Green Open Access,MDPI,57219047656; 37085341200; 56423541200; 55490635100; 56555739800; 7003277672; 15759618600; 59157700600; 57214346307,https://www.scopus.com/pages/publications/85149856201?origin=resultslist,"National Institutes of Health, NIH; National Cancer Institute, NCI",Scopus,2-s2.0-85149856201,,,,,,,,,,,,,,,,,,,,,,,,,,,,,,,,,,,,,,,,,,,,,,,,,,,,,,,,,,,,,,,,,,,,,,,1,
Sin mención explícita de termografía o imagen térmica/infrarroja,BB-0040,40,Improving Outcomes in Immediate Prepectoral Reconstruction of Large and Ptotic Breast: The Reliability of Fifth Anterior Intercostal Artery Perforator Flap,41.1,Baja,★,"No se detectan en título, resumen o palabras clave: termografía. Mayor afinidad calculada: O2.",O2,4.3,15.2,4.6,4.0,Sí,No,No,Sí,Sí,"classification, breast","according, classification, breast","classification, breast","classification, breast",prioridad_tfidf_tema_v3,Scopus,Pagliara D.; Pili N.; Serra P.L.; Schiavone L.; Rubino C.; Ribuffo D.; Salgarello M.; Rancati A.,"Pagliara, Domenico (56354742100); Pili, Nicola (57221613171); Serra, Pietro Luciano (57221601098); Schiavone, Laurenza (58086988400); Rubino, Corrado (7004550510); Ribuffo, Diego (7004634131); Salgarello, Marzia (7003620306); Rancati, Alberto (55284627200)",Improving Outcomes in Immediate Prepectoral Reconstruction of Large and Ptotic Breast: The Reliability of Fifth Anterior Intercostal Artery Perforator Flap,2025,10.1016/j.clbc.2025.02.012,"Background and objective: Conservative mastectomy is burdened by possible necrosis of the breast skin and nipple-areola complex, particularly among patients with macromastia and severe ptosis undergoing heterologous reconstruction. It is well known that anterior fifth intercostal artery perforator plays a critical role in nipple-areola complex blood supply. Our study investigates outcomes of large or ptotic breasts, undergoing immediate prepectoral direct-to-implant breast reconstruction covered by dermoadipose flap based on the fifth anterior intercostal artery perforator. Methods: We conducted a retrospective study on 70 consecutive patients who underwent skin-reducing mastectomy, with or without nipple preservation, using an inverted T-pattern. Setup of a dermo-adipose flap with an inferior pedicle, based on the anterior intercostal artery perforator of the fifth intercostal space was performed, according to preoperative Doppler ultrasound. Immediate breast reconstruction was performed using Microthane implants. We assessed rate of mastectomy flap necrosis (Mayo Clinic Classification), at 12 months follow up, pre- and postmastectomy satisfaction with breast, physical well-being of the chest with BREAST-Q questionnaire, and spinal pain using the McGill Pain Questionnaire. Results: No complications such as hematoma, seroma, or implant infections occurred. Ischemic complications were observed in 11 cases (13.9%), however, only in one case was implant removal necessary. Satisfaction with breast appearance, chest physical well-being, and the pain rating index all significantly improved postoperatively. Conclusions: Direct to implant reconstruction using the inferiorly pedicled flap based on the AICAP is a reliable and reproducible technique that offers favorable results with low complication rates in large or ptotic skin reducing mastectomies. © 2025 Elsevier Inc.",40155249,Article,,Elsevier Inc.,56354742100; 57221613171; 57221601098; 58086988400; 7004550510; 7004634131; 7003620306; 55284627200,https://www.scopus.com/pages/publications/105001424544?origin=resultslist,,Scopus,2-s2.0-105001424544,,,,,,,,,,,,,,,,,,,,,,,,,,,,,,,,,,,,,,,,,,,,,,,,,,,,,,,,,,,,,,,,,,,,,,,1,
Sin mención explícita de termografía o imagen térmica/infrarroja,BB-0046,46,TGMIL: A hybrid multi-instance learning model based on the Transformer and the Graph Attention Network for whole-slide images classification of renal cell carcinoma,49.0,Baja,★,"No se detectan en título, resumen o palabras clave: termografía. Mayor afinidad calculada: O1.",O1,47.1,35.2,29.7,31.0,Sí,Sí,No,Sí,Sí,"attention, datasets, classification, images, cancer, breast","within, image, classification, images, cancer, breast","training, models, classification, images, learning, cancer, breast","validation, performance, classification, images, cancer, breast",prioridad_tfidf_tema_v3,Scopus,Sun X.; Li W.; Fu B.; Peng Y.; He J.; Wang L.; Yang T.; Meng X.; Li J.; Wang J.; Huang P.; Wang R.,"Sun, Xinhuan (58591298400); Li, Wuchao (57204933825); Fu, Bangkang (57729687600); Peng, Yunsong (57214897049); He, Junjie (57754815100); Wang, Lihui (57141686200); Yang, Tongyin (57195222923); Meng, Xue (57800156100); Li, Jin (58931025600); Wang, Jinjing (57215100199); Huang, Ping (55230338900); Wang, Rongpin (24476635900)",TGMIL: A hybrid multi-instance learning model based on the Transformer and the Graph Attention Network for whole-slide images classification of renal cell carcinoma,2023,10.1016/j.cmpb.2023.107789,"Background and objectives: The pathological diagnosis of renal cell carcinoma is crucial for treatment. Currently, the multi-instance learning method is commonly used for whole-slide image classification of renal cell carcinoma, which is mainly based on the assumption of independent identical distribution. But this is inconsistent with the need to consider the correlation between different instances in the diagnosis process. Furthermore, the problem of high resource consumption of pathology images is still urgent to be solved. Therefore, we propose a new multi-instance learning method to solve this problem. Methods: In this study, we proposed a hybrid multi-instance learning model based on the Transformer and the Graph Attention Network, called TGMIL, to achieve whole-slide image of renal cell carcinoma classification without pixel-level annotation or region of interest extraction. Our approach is divided into three steps. First, we designed a feature pyramid with the multiple low magnifications of whole-slide image named MMFP. It makes the model incorporates richer information, and reduces memory consumption as well as training time compared to the highest magnification. Second, TGMIL amalgamates the Transformer and the Graph Attention's capabilities, adeptly addressing the loss of instance contextual and spatial. Within the Graph Attention network stream, an easy and efficient approach employing max pooling and mean pooling yields the graph adjacency matrix, devoid of extra memory consumption. Finally, the outputs of two streams of TGMIL are aggregated to achieve the classification of renal cell carcinoma. Results: On the TCGA-RCC validation set, a public dataset for renal cell carcinoma, the area under a receiver operating characteristic (ROC) curve (AUC) and accuracy of TGMIL were 0.98±0.0015,0.9191±0.0062, respectively. It showcased remarkable proficiency on the private validation set of renal cell carcinoma pathology images, attaining AUC of 0.9386±0.0162 and ACC of 0.9197±0.0124. Furthermore, on the public breast cancer whole-slide image test dataset, CAMELYON 16, our model showed good classification performance with an accuracy of 0.8792. Conclusions: TGMIL models the diagnostic process of pathologists and shows good classification performance on multiple datasets. Concurrently, the MMFP module efficiently diminishes resource requirements, offering a novel angle for exploring computational pathology images. © 2023",37722310,Article,,Elsevier Ireland Ltd,58591298400; 57204933825; 57729687600; 57214897049; 57754815100; 57141686200; 57195222923; 57800156100; 58931025600; 57215100199; 55230338900; 24476635900,https://www.scopus.com/pages/publications/85171430231?origin=resultslist,"Guizhou Senior Innovative Talent Project, (QKHPTRC-GCC[2022]041-1); National Natural Science Foundation of China, NSFC, (82160349); National Natural Science Foundation of China, NSFC; Science and Technology Program of Guizhou Province, (QKHZC[2019]2810); Science and Technology Program of Guizhou Province",Scopus,2-s2.0-85171430231,,,,,,,,,,,,,,,,,,,,,,,,,,,,,,,,,,,,,,,,,,,,,,,,,,,,,,,,,,,,,,,,,,,,,,,1,
Sin mención explícita de termografía o imagen térmica/infrarroja,BB-0062,62,Automatic machine learning model for enhanced partition and identification of breast disorders in breast MRI scan,49.0,Baja,★,"No se detectan en título, resumen o palabras clave: termografía. Mayor afinidad calculada: O3.",O3,28.4,14.6,38.8,10.2,Sí,Sí,No,Sí,Sí,"datasets, images, cancer, breast","data, images, cancer, breast","training, approaches, models, images, learning, cancer, breast","images, cancer, breast",prioridad_tfidf_tema_v3,Scopus,Singh H.; Rana A.K.; Giri J.; Shah M.A.; Mallik S.; Sathish T.,"Singh, Harendra (56290148600); Rana, Arun Kumar (36968281100); Giri, Jayant (57198345558); Shah, Mohd Asif (58090397100); Mallik, Saurav (56213777000); Sathish, T. (56736457800)",Automatic machine learning model for enhanced partition and identification of breast disorders in breast MRI scan,2024,10.1080/21681163.2024.2378734,"The rapid identification and categorisation of breast cancers using low-contrast MRI images presents a significant challenge due to the disease’s prevalence among women of all ages. Nowadays, it is very difficult to classify and generalise models from low-contrast MRI datasets due to the prevalence of class imbalance caused by a wide range of symptoms and untrustworthy data sources. Using ensemble learning with optimised k-means helps with these problems; it reduces overfitting and improves reliability by using methods like k-means clustering, frog feap algorithm (FLA), boosting, and bagging to balance datasets and show the complexity of symptoms. In this research, we present a new strategy that makes use of a hybrid optimised K-Means algorithm combined with the FLA, along with thresholding and morphological approaches, and ensemble learning. There are two main stages to our work. In the initial phase, we preprocess low-contrast MRI images and delineate the breast tumour area from the segmented MRI images. Furthermore, we employ Discrete Wavelet Transformation (DWT) to extract the most salient features. In the next step, the retrieved features will be used as input parameters for an ensemble-learned breast tumour classifier. To determine whether a low-contrast breast tumour MRI picture has a benign or malignant tumour after model training, we use a variety of classifiers, such as k-nearest neighbours (KNN), decision trees (DT), gradient boosting (GB), random forests (RF), and artificial neural networks (ANN). Through a voting mechanism that averages the accuracy of all models, our suggested framework achieves a remarkable 98.8% accuracy rate. In addition, proposed model is quite efficient & reliable to detect the kind of breast tumour or cancer with a sensitivity of 98.02% and a specificity of 97.5%. © 2024 The Author(s). Published by Informa UK Limited, trading as Taylor & Francis Group.",,Article,All Open Access; Gold Open Access; Green Open Access,Taylor and Francis Ltd.,56290148600; 36968281100; 57198345558; 58090397100; 56213777000; 56736457800,https://www.scopus.com/pages/publications/85201189083?origin=resultslist,,Scopus,2-s2.0-85201189083,,,,,,,,,,,,,,,,,,,,,,,,,,,,,,,,,,,,,,,,,,,,,,,,,,,,,,,,,,,,,,,,,,,,,,,1,
Título referido a mama animal u otro contexto veterinario,BB-0073,73,Evaluation of Body and Udder Temperatures and Mammary Gland Health Status Throughout Lactation in Manchega Dairy Sheep,49.0,Baja,★,"No se detectan en título, resumen o palabras clave: IA/modelos. Mayor afinidad calculada: O1.",O1,22.4,7.9,12.6,8.0,Sí,No,Sí,No,Sí,"conditions, infrared",infrared,"including, infrared",infrared,prioridad_tfidf_tema_v3,Scopus; Web of Science,Bueso-Ródenas J.; Moreno-Manrique M.; Gascó P.; Arias R.; Romero G.; Díaz J.R.,"Bueso-Ródenas, Joel (56014187700); Moreno-Manrique, María (58804232000); Gascó, Pilar (59708472300); Arias, Ramón (37003534300); Romero, Gema (35794738300); Díaz, José Ramón (54919884200)",Evaluation of Body and Udder Temperatures and Mammary Gland Health Status Throughout Lactation in Manchega Dairy Sheep,2025,10.3390/ani15060773,"In Manchega sheep, correlations between temperatures across various body regions, including the udder, under differing environmental conditions, stages of lactation, and states of mammary gland health have not been extensively explored. To address this, a group of 108 Manchega sheep was evaluated monthly over a period of six months. Ambient, rectal, lacrimal, perianal, and udder surface temperatures, alongside mammary gland health status indicators such as somatic cell count (SCC) and microbiological milk culture, were recorded. This study investigated the correlations between these temperature measurements and SCC levels. Mammary glands were classified based on their SCC (greater or lesser than 400,000 cells/mL) and the results of the microbiological cultures (more or less than five colonies in 20 µL of milk). This study found no correlation between body surface temperatures and rectal temperatures. SCC showed a low negative correlation with udder surface temperatures. Notably, mammary glands with SCC levels exceeding 400,000 cells/mL exhibited lower udder surface temperatures. This research underscores the Manchega breed’s ability to adapt to varying ambient temperatures and the necessity for further studies to better elucidate the relationship between inflammation and temperature changes in the udder during intramammary infections. © 2025 by the authors.",,Article,All Open Access; Gold Open Access; Green Open Access,Multidisciplinary Digital Publishing Institute (MDPI),56014187700; 58804232000; 59708472300; 37003534300; 35794738300; 54919884200,https://www.scopus.com/pages/publications/105001010760?origin=resultslist,"Ministerio de Educación y Ciencia of Spain; Ministerio de Ciencia e Innovación, MCIN; European Regional Development Fund, ERDF; European Commission, EC, (AGL2009-10695); European Commission, EC",Scopus,2-s2.0-105001010760,J,,,,,,ANIMALS,,,,,,,,,mastitis; dairy sheep; somatic cell count; small ruminants; infrared thermography; ambient temperature; rectal temperature; udder health,SOMATIC-CELL COUNT; INFRARED THERMOGRAPHY; SUBCLINICAL MASTITIS; COWS; PATHOGENESIS; INFLAMMATION; MILK,"[Bueso-Rodenas, Joel] Catholic Univ Valencia San Vicente Martir, Fac Vet Med & Expt Sci, Dept Anim Prod & Publ Hlth, Valencia 46001, Spain; [Moreno-Manrique, Maria] Catholic Univ Valencia San Vicente Martir, Doctoral Sch, Valencia 46001, Spain; [Gasco, Pilar; Romero, Gema; Diaz, Jose Ramon] Univ Miguel Hernandez UMH, Dept Tecnol Agroalimentaria, Ctra Beniel Km 3-2, Orihuela 03312, Spain; [Arias, Ramon] CERSYRA Valdepenas, Inst Reg Invest & Desarrollo Agroalimentario & For, Ctr Reg Selecc & Reprod Anim CERSYRA, Ciudad Real 13300, Spain",,"Bueso-Ródenas, J (corresponding author), Catholic Univ Valencia San Vicente Martir, Fac Vet Med & Expt Sci, Dept Anim Prod & Publ Hlth, Valencia 46001, Spain.",joel.bueso@ucv.es; maria.morenomanrique@gmail.com; rarias@jccm.es; gemaromero@umh.es; jr.diaz@umh.es,,,,,,,,,,,,,,2076-2615,,,,,MAR 9,15,6,,,,,,,773,0,,,,,,Agriculture; Veterinary Sciences; Zoology,0QH3D,,,,WOS:001453463200001,0,"Bueso-Ródenas, J; Moreno-Manrique, M; Gascó, P; Arias, R; Romero, G; Díaz, JR","Bueso-Rodenas, Joel; Moreno-Manrique, Maria; Gasco, Pilar; Arias, Ramon; Romero, Gema; Diaz, Jose Ramon",Evaluation of Body and Udder Temperatures and Mammary Gland Health Status Throughout Lactation in Manchega Dairy Sheep,2025,10.3390/ani15060773,"In Manchega sheep, correlations between temperatures across various body regions, including the udder, under differing environmental conditions, stages of lactation, and states of mammary gland health have not been extensively explored. To address this, a group of 108 Manchega sheep was evaluated monthly over a period of six months. Ambient, rectal, lacrimal, perianal, and udder surface temperatures, alongside mammary gland health status indicators such as somatic cell count (SCC) and microbiological milk culture, were recorded. This study investigated the correlations between these temperature measurements and SCC levels. Mammary glands were classified based on their SCC (greater or lesser than 400,000 cells/mL) and the results of the microbiological cultures (more or less than five colonies in 20 mu L of milk). This study found no correlation between body surface temperatures and rectal temperatures. SCC showed a low negative correlation with udder surface temperatures. Notably, mammary glands with SCC levels exceeding 400,000 cells/mL exhibited lower udder surface temperatures. This research underscores the Manchega breed's ability to adapt to varying ambient temperatures and the necessity for further studies to better elucidate the relationship between inflammation and temperature changes in the udder during intramammary infections.",Article,"Green Submitted, gold",2,
Sin mención explícita de termografía o imagen térmica/infrarroja,BB-0075,75,Ensemble Learning-Based Hybrid Segmentation of Mammographic Images for Breast Cancer Risk Prediction Using Fuzzy C-Means and CNN Model,49.0,Baja,★,"No se detectan en título, resumen o palabras clave: termografía. Mayor afinidad calculada: O1.",O1,42.9,28.1,24.9,19.6,Sí,Sí,No,Sí,Sí,"conditions, images, cancer, breast","techniques, images, cancer, breast","deep, images, learning, cancer, breast","images, cancer, breast",prioridad_tfidf_tema_v3,Scopus,Jha S.; Ahmad S.; Arya A.; Alouffi B.; Alharbi A.; Alharbi M.; Singh S.,"Jha, Sudan (59307702300); Ahmad, Sultan (57194429140); Arya, Anoopa (57409259900); Alouffi, Bader (57219716150); Alharbi, Abdullah (57217703843); Alharbi, Meshal (57483830000); Singh, Surender (59622705900)",Ensemble Learning-Based Hybrid Segmentation of Mammographic Images for Breast Cancer Risk Prediction Using Fuzzy C-Means and CNN Model,2023,10.1155/2023/1491955,"The research interest in this field is that females are not aware of their health conditions until they develop tumour, especially when breast cancer is concerned. The breast cancer risk factors include genetics, heredity, and sedentary lifestyle. The prime concern for the mortality rate among females is breast cancer, and breast cancer is on the rise, both in rural and urban India. Women aged 45 or above are more vulnerable to this disease. Images are more effective at depicting information as compared to text. With the advancement in technology, several computerized techniques have come up to extract hidden information from the images. The processed images have found their application in several sectors and medical science is one of them. Disease-like breast cancer affects most women universally and it happens due to the existence of breast masses in the breast region for the development of breast cancer in women. Timely breast cancer detection can also increase the rate of effective treatment and the survival of women suffering from breast cancer. This work elaborates the method of performing hybrid segmentation techniques using CLAHE, morphological operations on mammogram images, and classified images using deep learning. Images from the MIAS database have been used to obtain readings for parameters: threshold, accuracy, sensitivity, specificity rate, biopsy rate, or a combination of all the parameters and many others under study.  © 2023 Sudan Jha et al.",36760835,Article,All Open Access; Green Open Access; Hybrid Gold Open Access,Hindawi Limited,59307702300; 57194429140; 57409259900; 57219716150; 57217703843; 57483830000; 59622705900,https://www.scopus.com/pages/publications/85147790509?origin=resultslist,"Prince Sattam Bin Abdulaziz University, PSAU, (PSAU/2023/R/1444); Prince Sattam Bin Abdulaziz University, PSAU",Scopus,2-s2.0-85147790509,,,,,,,,,,,,,,,,,,,,,,,,,,,,,,,,,,,,,,,,,,,,,,,,,,,,,,,,,,,,,,,,,,,,,,,1,
Sin mención explícita de termografía o imagen térmica/infrarroja,BB-0080,80,A Portable Ultrasound-Guided Surgical System for Breast and Thyroid Surgery,49.0,Baja,★,"No se detectan en título, resumen o palabras clave: termografía. Mayor afinidad calculada: O3.",O3,2.6,10.3,13.3,10.1,Sí,Sí,No,Sí,Sí,images,"image, images","models, deep, images, learning","performance, images",prioridad_tfidf_tema_v3,Scopus,Wang X.; Yang N.; Zhou C.; Yan S.,"Wang, XueLong (59740306300); Yang, Na (57814159000); Zhou, Changjiang (58949541700); Yan, Shiju (15844474000)",A Portable Ultrasound-Guided Surgical System for Breast and Thyroid Surgery,2025,10.1115/1.4068295,"Ultrasound-guided fine needle biopsy and vacuum-assisted minimally invasive rotary cutting are favored in clinical applications due to their cost-effectiveness, minimal trauma, and lack of radiation. However, the existing spatial positioning technology for surgical instruments occupies operating room space and affects the doctor’s hand operation. This study aims to develop an integrated navigation mode by combining real-time ultrasound imaging, electromechanical guidance, and intelligent ultrasound image processing. By using a miniaturized angle detection sensor, we can accurately obtain the angle of the instrument. Combined with real-time segmentation of ultrasound images based on deep learning, the accuracy of lesion localization is significantly improved. We successfully integrated the ultrasound image acquisition, real-time lesion segmentation and navigation functions into a compact and portable embedded device, achieving the embedded platform deployment of the algorithm. This innovation not only reduces the impact of the ultrasound surgical guidance system on the surgeon’s surgical movements but also effectively reduces the space occupied in the operating room. In the future, sensors with higher precision performance can be replaced or models can be optimized to improve overall performance. The integrated navigation mode proposed in this project provides clinicians with a more comfortable, efficient, and convenient surgical assistant tool by integrating real-time ultrasound imaging, electromechanical guidance, and intelligent image processing technology. [DOI: 10.1115/1.4068295] Copyright VC 2025 by ASME.",,Article,,American Society of Mechanical Engineers (ASME),59740306300; 57814159000; 58949541700; 15844474000,https://www.scopus.com/pages/publications/105002781102?origin=resultslist,,Scopus,2-s2.0-105002781102,,,,,,,,,,,,,,,,,,,,,,,,,,,,,,,,,,,,,,,,,,,,,,,,,,,,,,,,,,,,,,,,,,,,,,,1,
Sin mención explícita de termografía o imagen térmica/infrarroja,BB-0081,81,"Domain-Specific Computational, Functional and Structural Methods Enable Interpretation of BRCA1 BRCT Variants of Uncertain Significance",41.0,Baja,★,"No se detectan en título, resumen o palabras clave: termografía. Mayor afinidad calculada: O3.",O3,3.6,13.9,15.1,12.1,Sí,No,No,Sí,Sí,"classification, breast","within, classification, breast","approaches, models, machine, classification, learning, breast","interpretation, classification, breast",prioridad_tfidf_tema_v3,Scopus,Torretto G.C.; Martin M.D.; Islam K.; Archer N.E.; Feilotter H.E.; Davey S.K.,"Torretto, Gabriella C. (60714055300); Martin, Matthew D. (60713292400); Islam, Kaamraan (60713864200); Archer, Nicole E. (60713472200); Feilotter, Harriet E. (6602954168); Davey, Scott K. (7006933342)","Domain-Specific Computational, Functional and Structural Methods Enable Interpretation of BRCA1 BRCT Variants of Uncertain Significance",2026,10.3390/curroncol33060354,"Background: Pathogenic germline BRCA1 and BRCA2 variants cause most hereditary breast and ovarian cancers. Widespread genetic testing has revealed thousands of variants with unknown effects on disease risk, known as variants of uncertain significance (VUS). BRCA VUS, the majority of which are missense, complicate genetic test interpretation and clinical decision-making. This study aimed to evaluate BRCA1 VUS pathogenicity with enhanced accuracy through computational, functional and structural methods. Methods: We characterized the structural distribution of BRCA1 variants. In silico tools scored known consequence variants within a specific region of BRCA1. The Molecular Feature Selection Tool (MolecularFeaST; Renwick Lab at Queen’s University; Kingston, ON, Canada) performed feature selection of the most discriminative tools. MATLAB (MATLAB R2024a; Mathworks; Natick, MA, USA) Classification Learner Application trained supervised machine learning models using combinations of the most accurate tools; the best model assigned pathogenicity prediction scores to VUS. Select VUS were functionally assessed through phosphopeptide binding pull-down assays and structurally analyzed on PyMOL (v2.4.1; Schrödinger Inc.; New York, NY, USA). Results: The RING and BRCT domains were identified as hotspots for missense pathogenic variants and VUS; BRCT was selected as the focus of the computational classifier. Nine in silico tools (CADD hg19, MetaRNN, ClinPred, VEST4, BayesDel AD, EVE, Eigen PC, gMVP and PolyPhen2) defined the BRCT-specific missense variant classifier. Twenty-two VUS (R1699P, F1704S, W1837L, W1712G, F1734S, V1804A, I1674V, V1804L, V1804I, I1807V, T1675S, I1764L, N1774I, E1698K, Q1848K, P1749S, A1669T, N1774H, L1839V, T1658I, L1705I, V1654L) demonstrated varying phosphopeptide binding ability and protein levels relative to the wildtype. Computational structural modeling contextualized VUS phosphopeptide interactions and structural implications. Conclusions: We provide in silico and functional evidence for the classification of BRCA1 BRCT VUS and highlight the utility of domain-specific computational approaches for characterizing missense variants in multi-domain genes. © 2026 by the authors.",42346254,Article,All Open Access; Gold Open Access; Green Open Access,Multidisciplinary Digital Publishing Institute (MDPI),60714055300; 60713292400; 60713864200; 60713472200; 6602954168; 7006933342,https://www.scopus.com/pages/publications/105043201181?origin=resultslist,"Canadian Cancer Society, SCC, (705454); Canadian Cancer Society, SCC",Scopus,2-s2.0-105043201181,,,,,,,,,,,,,,,,,,,,,,,,,,,,,,,,,,,,,,,,,,,,,,,,,,,,,,,,,,,,,,,,,,,,,,,1,
Sin mención explícita de termografía o imagen térmica/infrarroja,BB-0082,82,Fusion of genomic and pathological data for breast cancer detection using BCDNN,49.0,Baja,★,"No se detectan en título, resumen o palabras clave: termografía. Mayor afinidad calculada: O2.",O2,35.5,44.4,30.7,29.6,Sí,Sí,No,Sí,Sí,"publicly, classification, cancer, breast","purpose, data, image, classification, cancer, breast","training, deep, classification, learning, cancer, breast","validation, performance, classification, cancer, breast",prioridad_tfidf_tema_v3,Scopus,Bilal A.; Obidallah W.J.; Wassan S.; Albathan M.; Almakki R.; Alshaikh Z.; Shafiq M.,"Bilal, Anas (57202057089); Obidallah, Waeal J. (55838260600); Wassan, Sobia (57215079419); Albathan, Mubarak (55753247800); Almakki, Riyad (57189027059); Alshaikh, Zeyad (57219867084); Shafiq, Muhammad (57207486564)",Fusion of genomic and pathological data for breast cancer detection using BCDNN,2026,10.3389/fmed.2026.1726223,"Background of study: Breast cancer is one of the leading causes of mortality among women worldwide. Early and accurate detection is crucial for improving treatment outcomes and survival rates. Recent advancements in Deep Learning (DL), Artificial and Intelligence (AI), have shown promising results in medical image analysis and cancer prediction. Purpose: This study aims to develop and evaluate a BCDNN model that classifies tumors as benign or malignant using genomic and histopathological data. The research focuses on improving diagnostic accuracy through AI-driven methods. Method: The proposed BCDNN model was implemented in MATLAB R2016. A publicly available breast cancer dataset from Kaggle was used, encompassing both genomic and pathological features. The dataset was pre-processed and feature selected before training the BCDNN with optimized hyperparameters. Result: The proposed model achieved a mean classification accuracy of 93.84% during cross-validation, demonstrating stable, reliable performance in distinctive between benign and malignant cases. Conclusion: The BCDNN model shows significant promise in supporting clinical decision-making for breast cancer diagnosis. Future work may enhance model generalizability and explore integration with real-time diagnostic systems, contributing to better health outcomes for women globally. The code for this study is available on GitHub. Copyright © 2026 Bilal, Obidallah, Wassan, Albathan, Almakki, Alshaikh and Shafiq.",,Article,All Open Access; Gold Open Access; Green Open Access,Frontiers Media SA,57202057089; 55838260600; 57215079419; 55753247800; 57189027059; 57219867084; 57207486564,https://www.scopus.com/pages/publications/105031733189?origin=resultslist,,Scopus,2-s2.0-105031733189,,,,,,,,,,,,,,,,,,,,,,,,,,,,,,,,,,,,,,,,,,,,,,,,,,,,,,,,,,,,,,,,,,,,,,,1,
Sin mención de mama,BB-0088,88,Seasonal assessment of mastitis using thermogram analysis in murrah buffaloes,33.2,Baja,★,"No se detectan en título, resumen o palabras clave: mama, IA/modelos. Mayor afinidad calculada: O3.",O3,2.5,2.3,11.4,2.3,No,No,Sí,No,Sí,infrared,infrared,"identify, infrared",infrared,prioridad_tfidf_tema_v3,Scopus,Gayathri S.L.; Bhakat M.; Mohanty T.K.,"Gayathri, S.L. (57216255948); Bhakat, M. (36118738300); Mohanty, T.K. (7003574214)",Seasonal assessment of mastitis using thermogram analysis in murrah buffaloes,2024,10.1016/j.jtherbio.2024.103842,"Mastitis is a global threat that challenges dairy farmers' economies worldwide. Sub-clinical mastitis (SCM) beholds the lion's share in it, as its visible clinical signs are not evident and are challenging to diagnose. The treatment of intramammary infection (IMI) demands antimicrobial therapy and subsequent milk withdrawal for a week or two. This context requires a non-invasive diagnostic tool like infrared thermography (IRT) to identify mastitis. It can form the basis of precision dairy farming. Therefore, the present study focuses on thermal imaging of the udder and teat quarters of Murrah buffaloes during different seasons to identify SCM and clinical mastitis (CM) cases using the Darvi DTL007 camera. A total of 30–45 lactating Murrah buffalo cows were screened out using IRT regularly throughout the year 2021–22. The IMI was further screened using the California mastitis test. The thermogram analysis revealed a significant difference (p < 0.01) in the mean values of the udder and teat skin surface temperature of Murrah buffaloes between healthy, SCM, and CM during different seasons. The mean values of udder skin surface temperature (USST) during different seasons ranged between 30.28 and 36.81 °C, 32.54 to 38.61 °C, and 34.32 to 40.02 °C among healthy, SCM, and CM-affected quarters. Correspondingly, the mean values of teat skin surface temperature (TSST) were 30.52 to 35.96 °C, 32.92 to 37.55 °C, and 34.51 to 39.05 °C, respectively. Further results revealed an increase (p < 0.01) in the mean values of USST during winter, summer, rainy, and autumn as 2.26, 4.04; 2.19, 3.35; 1.80, 3.21; and 1.45, 2.64 °C and TSST as 2.40, 3.99; 2.28, 3.26; 1.59, 3.09; and 1.68, 2.92 °C of SCM, CM-affected quarters to healthy quarters, respectively. The highest incidence of SCM was observed during autumn and CM during winter. Henceforth, irrespective of the seasons studied in the present study, IRT is an efficient, supportive tool for the early identification of SCM. © 2024 Elsevier Ltd",38608549,Article,,Elsevier Ltd,57216255948; 36118738300; 7003574214,https://www.scopus.com/pages/publications/85190127946?origin=resultslist,"Indian Council of Agricultural Research, ICAR, (ICT unit-3(5)/2021-ICT); Indian Council of Agricultural Research, ICAR",Scopus,2-s2.0-85190127946,,,,,,,,,,,,,,,,,,,,,,,,,,,,,,,,,,,,,,,,,,,,,,,,,,,,,,,,,,,,,,,,,,,,,,,1,
Sin mención explícita de termografía o imagen térmica/infrarroja,BB-0100,100,The Importance of Explainable Artificial Intelligence Based Medical Diagnosis,19.5,Baja,★,"No se detectan en título, resumen o palabras clave: mama, termografía.",,0.0,0.0,0.0,0.0,No,No,No,Sí,Sí,,,,,prioridad_tfidf_tema_v3,Scopus,Mashekova A.; Zarikas V.; Zhao Y.; Ng E.Y.K.,"Mashekova, Aigerim (57221738762); Zarikas, Vasilios (6505951499); Zhao, Yong (38863693300); Ng, Eddie Yin Kwee (7201647536)",The Importance of Explainable Artificial Intelligence Based Medical Diagnosis,2024,10.31083/j.ceog5112268,[No abstract available],,Editorial,All Open Access; Gold Open Access,IMR Press Limited,57221738762; 6505951499; 38863693300; 7201647536,https://www.scopus.com/pages/publications/85214676760?origin=resultslist,"Nazarbayev University, NU; Ministry of Education and Science of the Republic of Kazakhstan, (AP19678197)",Scopus,2-s2.0-85214676760,,,,,,,,,,,,,,,,,,,,,,,,,,,,,,,,,,,,,,,,,,,,,,,,,,,,,,,,,,,,,,,,,,,,,,,1,
Sin mención explícita de termografía o imagen térmica/infrarroja,BB-0108,108,Super-resolution techniques for biomedical applications and challenges,12.0,Baja,★,"No se detectan en título, resumen o palabras clave: mama, termografía, IA/modelos. Mayor afinidad calculada: O3.",O3,0.8,5.9,6.4,5.3,No,No,No,No,Sí,images,"data, techniques, images","approaches, including, images, learning","interpretation, images",prioridad_tfidf_tema_v3,Scopus,Shin M.; Seo M.; Lee K.; Yoon K.,"Shin, Minwoo (57222380433); Seo, Minjee (58778680400); Lee, Kyunghyun (58945415900); Yoon, Kyungho (57208559577)",Super-resolution techniques for biomedical applications and challenges,2024,10.1007/s13534-024-00365-4,"Super-resolution (SR) techniques have revolutionized the field of biomedical applications by detailing the structures at resolutions beyond the limits of imaging or measuring tools. These techniques have been applied in various biomedical applications, including microscopy, magnetic resonance imaging (MRI), computed tomography (CT), X-ray, electroencephalogram (EEG), ultrasound, etc. SR methods are categorized into two main types: traditional non-learning-based methods and modern learning-based approaches. In both applications, SR methodologies have been effectively utilized on biomedical images, enhancing the visualization of complex biological structures. Additionally, these methods have been employed on biomedical data, leading to improvements in computational precision and efficiency for biomedical simulations. The use of SR techniques has resulted in more detailed and accurate analyses in diagnostics and research, essential for early disease detection and treatment planning. However, challenges such as computational demands, data interpretation complexities, and the lack of unified high-quality data persist. The article emphasizes these issues, underscoring the need for ongoing development in SR technologies to further improve biomedical research and patient care outcomes. © Korean Society of Medical and Biological Engineering 2024.",,Review,All Open Access; Green Open Access,Springer Verlag,57222380433; 58778680400; 58945415900; 57208559577,https://www.scopus.com/pages/publications/85188073218?origin=resultslist,"National Research Foundation of Korea, NRF; Ministry of Science, ICT and Future Planning, MSIP, (RS-2023-00220762); Ministry of Science, ICT and Future Planning, MSIP; Yonsei University Research Fund, (2023-12-0018)",Scopus,2-s2.0-85188073218,,,,,,,,,,,,,,,,,,,,,,,,,,,,,,,,,,,,,,,,,,,,,,,,,,,,,,,,,,,,,,,,,,,,,,,1,
Sin mención explícita de termografía o imagen térmica/infrarroja,BB-0126,126,Enhancing Biometric Accuracy: Dynamic Thresholds and Breast Temperature Analysis for Medical Consultations,40.6,Baja,★,"No se detectan en título, resumen o palabras clave: termografía. Mayor afinidad calculada: O3.",O3,0.0,6.5,14.0,6.5,Sí,No,No,Sí,Sí,,data,"machine, deep, learning",performance,prioridad_tfidf_tema_v3,Scopus,Gheorghian M.-G.; Schreiner O.D.; Ciobanu R.C.,"Gheorghian, Maria-Geanina (59480997600); Schreiner, Oliver Daniel (59141640200); Ciobanu, Romeo Cristian (6603196662)",Enhancing Biometric Accuracy: Dynamic Thresholds and Breast Temperature Analysis for Medical Consultations,2024,10.1109/EPEi63510.2024.10758000,"The current biometrics article combines significant technological advancements with expanding practical applications, tackling ethical and security challenges. Machine learning and deep learning improvements have significantly increased the accuracy, efficiency, and security of biometric systems. Nonetheless, the field faces issues regarding privacy, ethics, and fairness, underscoring the necessity to balance security with user convenience. Research highlights the importance of balancing the False Acceptance Rate (FAR) and the False Rejection Rate (FRR) for the effectiveness of biometric systems. A low FAR is crucial for security, while a low FRR ensures a positive user experience. Machine learning algorithms promise dynamic decision threshold adjustments based on context and user behavior, enhancing biometric system performance. These algorithms enable systems to adapt to data variations and contextual shifts, optimizing identification or authentication accuracy and efficiency. By analyzing data patterns, algorithms can finely adjust thresholds to achieve a balance between FAR and FRR, integrating security with convenience. This smart adjustment approach boosts the reliability and overall performance of biometric systems, meeting specific user needs and application scenarios. © 2024 IEEE.",,Conference paper,,Institute of Electrical and Electronics Engineers Inc.,59480997600; 59141640200; 6603196662,https://www.scopus.com/pages/publications/85212591239?origin=resultslist,,Scopus,2-s2.0-85212591239,,,,,,,,,,,,,,,,,,,,,,,,,,,,,,,,,,,,,,,,,,,,,,,,,,,,,,,,,,,,,,,,,,,,,,,1,
Sin mención explícita de termografía o imagen térmica/infrarroja,BB-0129,129,DETECTION OF WOODY BREAST CONDITION IN BROILER BREAST FILLETS USING LIGHT SCATTERING IMAGING,45.7,Baja,★,"No se detectan en título, resumen o palabras clave: termografía. Mayor afinidad calculada: O3.",O3,27.4,11.7,28.4,6.9,Sí,No,No,Sí,Sí,"conditions, classification, images, breast","image, classification, images, breast","approaches, including, models, deep, classification, images, learning, breast","classification, images, breast",prioridad_tfidf_tema_v3,Scopus,Cai J.; Lu Y.,"Cai, Jiaxu (57224077782); Lu, Yuzhen (57116702400)",DETECTION OF WOODY BREAST CONDITION IN BROILER BREAST FILLETS USING LIGHT SCATTERING IMAGING,2025,10.13031/ja.16108,"Muscular myopathies such as woody or wooden breast, which impair the eating quality and marketability of poultry products, are threatening the profitability of poultry industries worldwide, with an estimated annual loss exceeding $500 million for the United States (U.S.) poultry industry. WB-affected fillets are characterized by abnormal tissue hardness and muscle rigidity with varying degrees of severity. The assessment of WB conditions at processing facilities currently relies on tactile palpation combined with a visual examination by trained personnel. This approach is subjective, labor-intensive, costly, and may induce contamination due to physical contact. Optical imaging technology offers a promising alternative for objective and non-invasive quality assessment of broiler meat. This study presents a novel investigation of light scattering imaging (LSI) that captures light-scattering characteristics of meat tissues for the detection of WB conditions in broiler breast fillets. Broadband scattering images, induced under the illumination of a highly focused broadband light beam, were acquired from broiler meat samples. Two types of image features, i.e., (1) deep-learning-based and (2) handcrafted scattering features, were extracted for building classification models using regularized linear discriminant analysis to differentiate samples into two categories, i.e., “Normal” (no WB) and “Defective” (WB-affected). Deep-learning-based features yielded an overall classification accuracy of 80.4%, while an accuracy of 91.7% was obtained by hand-crafted scattering features, representing a significant improvement of 11.3% (P < 0.01). Furthermore, feature reduction approaches, including MRMR (minimum redundancy maximum relevance) and PCA (principal component analysis), were conducted to reduce the model complexity, leading to a further accuracy improvement to 92.3% with the top-ranked 65 features identified by MRMR and 25 principal components (PCs), respectively. This study has demonstrated the LSI technique is promising for WB assessment of broiler breast meat. © 2025 American Society of Agricultural and Biological Engineers.",,Article,All Open Access; Hybrid Gold Open Access,American Society of Agricultural and Biological Engineers,57224077782; 57116702400,https://www.scopus.com/pages/publications/85213852708?origin=resultslist,"Michigan Alliance for Animal Agriculture; U.S. Department of Agriculture, USDA; National Institute of Food and Agriculture, NIFA, (2022–67018-36625)",Scopus,2-s2.0-85213852708,,,,,,,,,,,,,,,,,,,,,,,,,,,,,,,,,,,,,,,,,,,,,,,,,,,,,,,,,,,,,,,,,,,,,,,1,
Sin mención explícita de termografía o imagen térmica/infrarroja,BB-0140,140,"Machine learning and deep learning for breast cancer: A decade systematic review of detection, classification, prognosis, and explainability",49.0,Baja,★,"El título indica un artículo de revisión; puede servir como contexto, pero no como estudio primario. Mayor afinidad calculada: O3.",O3,13.9,27.0,42.2,31.5,Sí,Sí,No,Sí,Sí,"classification, cancer, breast","data, classification, cancer, breast","approaches, machine, deep, classification, learning, cancer, breast","validation, performance, classification, cancer, breast",prioridad_tfidf_tema_v3,Scopus,Owotogbe J.; Oyekanmi E.; Adepoju S.E.; Akinsunmade A.E.,"Owotogbe, Joshua (59483240800); Oyekanmi, Ezekiel (60223665400); Adepoju, Sunday Ebenezer (60079256200); Akinsunmade, Akintayo Emmanuel (57217194192)","Machine learning and deep learning for breast cancer: A decade systematic review of detection, classification, prognosis, and explainability",2026,10.1016/j.imu.2026.101756,"Breast cancer remains the most prevalent cancer worldwide, driving demand for accurate and interpretable diagnostic tools. This systematic review synthesizes studies from 2016–2025 (n = 131) using Preferred Reporting Items for Systematic Reviews and Meta-Analyses (PRISMA) on machine learning (ML) and deep learning (DL) for breast cancer detection, classification, prognosis, and explainability. The review compares algorithmic families, data modalities, hybrid and ensemble approaches, and the role of explainable AI (XAI). Results show that imaging dominates detection and classification, genomics underpins prognosis, and multimodal integration offers the highest robustness. Hybrid and ensemble strategies consistently improve performance, while XAI methods enhance trust but remain limited by shallow explanations. Key challenges include data scarcity, bias, external validation gaps, and clinical integration. Future directions point to federated learning, multimodal and longitudinal modelling, and human-centred XAI. This review provides actionable insights for bridging algorithmic innovation with clinical oncology practice. © 2026 The Authors.",,Review,All Open Access; Gold Open Access; Green Open Access,Elsevier Ltd,59483240800; 60223665400; 60079256200; 57217194192,https://www.scopus.com/pages/publications/105035868980?origin=resultslist,,Scopus,2-s2.0-105035868980,,,,,,,,,,,,,,,,,,,,,,,,,,,,,,,,,,,,,,,,,,,,,,,,,,,,,,,,,,,,,,,,,,,,,,,1,
Sin mención explícita de termografía o imagen térmica/infrarroja,BB-0142,142,Breast cancer detection using IoT and ML,49.0,Baja,★,"No se detectan en título, resumen o palabras clave: termografía. Mayor afinidad calculada: O4.",O4,8.8,8.0,17.6,38.0,Sí,Sí,No,Sí,Sí,"cancer, breast","cancer, breast","machine, learning, cancer, breast","procedures, cancer, breast",prioridad_tfidf_tema_v3,Scopus,Raj S.; Kumari S.; Singh J.; Sharma H.; Arora M.K.,"Raj, Sameer (59733080600); Kumari, Shomya (59732719500); Singh, Juhi (59733254900); Sharma, Himanshu (57989928500); Arora, Mandeep Kaur (58311403400)",Breast cancer detection using IoT and ML,2025,10.1201/9781003532521-2,"One of the leading causes of cancer-related disorders in women globally is breast cancer. Reducing the death rate and improving patient outcomes depend heavily on early detection and prompt management. The healthcare industry has seen a change in recent years due to the combination of Machine Learning (ML) and Internet of Things (IoT) technology. This synergy offers new opportunities for early and accurate cancer detection, personalized treatment, and improved patient care. Reliability problems limit the accuracy with which screening methods such as Ultra-Sound, Mammography, and Magnetic Resonance Imaging (MRI) can detect cancers. Challenges such as high expenses, prolonged wait times exacerbated by the pandemic, and patient discomfort during procedures impede early tumor diagnosis through these methods. Finally, this study offers insightful information about the promising role of IoT and ML technologies in revolutionizing breast cancer detection and management. © 2025 the Author(s).",,Conference paper,,CRC Press/Balkema,59733080600; 59732719500; 59733254900; 57989928500; 58311403400,https://www.scopus.com/pages/publications/105002371611?origin=resultslist,,Scopus,2-s2.0-105002371611,,,,,,,,,,,,,,,,,,,,,,,,,,,,,,,,,,,,,,,,,,,,,,,,,,,,,,,,,,,,,,,,,,,,,,,1,
Sin mención explícita de termografía o imagen térmica/infrarroja,BB-0146,146,A Review of Machine Learning Techniques for the Classification and Detection of Breast Cancer from Medical Images,49.0,Baja,★,"El título indica un artículo de revisión; puede servir como contexto, pero no como estudio primario. Mayor afinidad calculada: O3.",O3,42.4,35.8,49.0,24.7,Sí,Sí,No,Sí,Sí,"datasets, classification, images, cancer, breast","image, classification, images, cancer, breast","approaches, machine, deep, classification, images, learning, cancer, breast","classification, images, cancer, breast",prioridad_tfidf_tema_v3,Scopus,Jalloul R.; Chethan H.K.; Alkhatib R.,"Jalloul, Reem (58610064500); Chethan, H.K. (35331674300); Alkhatib, Ramez (57216527182)",A Review of Machine Learning Techniques for the Classification and Detection of Breast Cancer from Medical Images,2023,10.3390/diagnostics13142460,"Cancer is an incurable disease based on unregulated cell division. Breast cancer is the most prevalent cancer in women worldwide, and early detection can lower death rates. Medical images can be used to find important information for locating and diagnosing breast cancer. The best information for identifying and diagnosing breast cancer comes from medical pictures. This paper reviews the history of the discipline and examines how deep learning and machine learning are applied to detect breast cancer. The classification of breast cancer, using several medical imaging modalities, is covered in this paper. Numerous medical imaging modalities’ classification systems for tumors, non-tumors, and dense masses are thoroughly explained. The differences between various medical image types are initially examined using a variety of study datasets. Following that, numerous machine learning and deep learning methods exist for diagnosing and classifying breast cancer. Finally, this review addressed the challenges of categorization and detection and the best results of different approaches. © 2023 by the authors.",,Review,All Open Access; Gold Open Access; Green Open Access,Multidisciplinary Digital Publishing Institute (MDPI),58610064500; 35331674300; 57216527182,https://www.scopus.com/pages/publications/85171808054?origin=resultslist,Research Center Borstel,Scopus,2-s2.0-85171808054,,,,,,,,,,,,,,,,,,,,,,,,,,,,,,,,,,,,,,,,,,,,,,,,,,,,,,,,,,,,,,,,,,,,,,,1,
Sin mención explícita de termografía o imagen térmica/infrarroja,BB-0153,153,Integrating artificial intelligence with smartphone-based imaging for cancer detection in vivo,45.0,Baja,★,"No se detectan en título, resumen o palabras clave: mama, termografía. Mayor afinidad calculada: O1.",O1,45.0,6.0,6.9,18.8,No,Sí,No,Sí,Sí,"resources, accessible, cancer","data, cancer","deep, learning, cancer","limitations, cancer",prioridad_tfidf_tema_v3,Scopus,Song B.; Liang R.,"Song, Bofan (57202013543); Liang, Rongguang (7201599898)",Integrating artificial intelligence with smartphone-based imaging for cancer detection in vivo,2025,10.1016/j.bios.2024.116982,"Cancer is a major global health challenge, accounting for nearly one in six deaths worldwide. Early diagnosis significantly improves survival rates and patient outcomes, yet in resource-limited settings, the scarcity of medical resources often leads to late-stage diagnosis. Integrating artificial intelligence (AI) with smartphone-based imaging systems offers a promising solution by providing portable, cost-effective, and widely accessible tools for early cancer detection. This paper introduces advanced smartphone-based imaging systems that utilize various imaging modalities for in vivo detection of different cancer types and highlights the advancements of AI for in vivo cancer detection in smartphone-based imaging. However, these compact smartphone systems face challenges like low imaging quality and restricted computing power. The use of advanced AI algorithms to address the optical and computational limitations of smartphone-based imaging systems provides promising solutions. AI-based cancer detection also faces challenges. Transparency and reliability are critical factors in gaining the trust and acceptance of AI algorithms for clinical application, explainable and uncertainty-aware AI breaks the black box and will shape the future AI development in early cancer detection. The challenges and solutions for improving AI accuracy, transparency, and reliability are general issues in AI applications, the AI technologies, limitations, and potentials discussed in this paper are applicable to a wide range of biomedical imaging diagnostics beyond smartphones or cancer-specific applications. Smartphone-based multimodal imaging systems and deep learning algorithms for multimodal data analysis are also growing trends, as this approach can provide comprehensive information about the tissue being examined. Future opportunities and perspectives of AI-integrated smartphone imaging systems will be to make cutting-edge diagnostic tools more affordable and accessible, ultimately enabling early cancer detection for a broader population. © 2024 Elsevier B.V.",39616900,Article,All Open Access; Bronze Open Access; Green Open Access,Elsevier Ltd,57202013543; 7201599898,https://www.scopus.com/pages/publications/85210538764?origin=resultslist,"National Institutes of Health, NIH; National Cancer Institute, NCI, (R21CA274717, UH3CA239682); National Cancer Institute, NCI; National Institute of Dental and Craniofacial Research, NIDCR, (R01DE030682, R21DE028734); National Institute of Dental and Craniofacial Research, NIDCR",Scopus,2-s2.0-85210538764,,,,,,,,,,,,,,,,,,,,,,,,,,,,,,,,,,,,,,,,,,,,,,,,,,,,,,,,,,,,,,,,,,,,,,,1,
Sin mención explícita de termografía o imagen térmica/infrarroja,BB-0164,164,Artificial Intelligence in Early Breast Cancer Detection: A Systematic Review of Innovations in Preventive Women’s Healthcare,49.0,Baja,★,"El título indica un artículo de revisión; puede servir como contexto, pero no como estudio primario. Mayor afinidad calculada: O4.",O4,6.0,23.2,40.0,49.0,Sí,Sí,No,Sí,Sí,"cancer, breast","according, cancer, breast","approaches, models, machine, deep, learning, cancer, breast","methodological, validation, cancer, breast",prioridad_tfidf_tema_v3,Scopus,Bothou A.; Bolou A.; Dinas K.; Kyrkou G.; Hardy D.; Pappou P.; Varela P.; Margioula-Siarkou G.; Balafouta M.; Diamanti A.,"Bothou, Anastasia (56394578300); Bolou, Angeliki (57216834752); Dinas, Konstantinos (22978841800); Kyrkou, Giannoula (56983031400); Hardy, Deniece (58926192200); Pappou, Panagiota (58527261300); Varela, Pinelopi (57194446468); Margioula-Siarkou, Georgia (57221750396); Balafouta, Myrsini (6506112887); Diamanti, Athina (57192718216)",Artificial Intelligence in Early Breast Cancer Detection: A Systematic Review of Innovations in Preventive Women’s Healthcare,2026,10.3390/healthcare14121674,"Background: Breast cancer (BC) remains one of the leading causes of cancer-related deaths worldwide, with early detection being essential for improving survival rates, treatment outcomes, and preventive women’s healthcare strategies. Artificial Intelligence (AI), particularly deep learning (DL) and machine learning (ML) algorithms, has emerged as a promising tool for improving the accuracy and efficiency of BC diagnosis. This systematic review explores the role of AI in early BC detection and its implications for preventive and patient-centered women’s healthcare. Methods: A comprehensive search was conducted in PubMed and Scopus for studies published between January 2015 and December 2025, following PRISMA guidelines. The search strategy included combinations of MeSH terms and free-text keywords related to artificial intelligence, machine learning, deep learning, BC screening, mammography, magnetic resonance imaging (MRI), ultrasound, and BC detection. Eleven studies involving approximately 148,170 participants were included. Methodological quality was assessed according to study design. Results: AI-driven diagnostic systems demonstrated improved accuracy, sensitivity, specificity, and efficiency compared with conventional approaches. AI applications in mammography and ultrasound reduced radiologists’ workload and healthcare costs while enhancing cancer detection rates, particularly in women with high breast density. AI models also showed potential in identifying metastases and predicting clinical outcomes, supporting more efficient patient management and follow-up care. Conclusions: AI-based tools represent a promising advancement in BC detection and screening efficiency. Their integration into BC screening programs may strengthen preventive women’s healthcare services and improve patient outcomes. However, further large-scale clinical validation and real-world implementation studies are required before widespread clinical implementation. © 2026 by the authors.",,Review,All Open Access; Gold Open Access; Green Open Access,Multidisciplinary Digital Publishing Institute (MDPI),56394578300; 57216834752; 22978841800; 56983031400; 58926192200; 58527261300; 57194446468; 57221750396; 6506112887; 57192718216,https://www.scopus.com/pages/publications/105042927837?origin=resultslist,,Scopus,2-s2.0-105042927837,,,,,,,,,,,,,,,,,,,,,,,,,,,,,,,,,,,,,,,,,,,,,,,,,,,,,,,,,,,,,,,,,,,,,,,1,
Sin mención explícita de termografía o imagen térmica/infrarroja,BB-0170,170,Comparison of preprocessing techniques to reduce nontissue-related variations in hyperspectral reflectance imaging,49.0,Baja,★,"No se detectan en título, resumen o palabras clave: termografía. Mayor afinidad calculada: O1.",O1,49.0,34.2,25.6,11.5,Sí,Sí,No,Sí,Sí,"quantify, datasets, classification, breast","within, data, classification, breast","identify, machine, classification, learning, breast","performance, classification, breast",prioridad_tfidf_tema_v3,Scopus,Witteveen M.; Sterenborg H.J.C.M.; van Leeuwen T.G.; Aalders M.C.G.; Ruers T.J.M.; Post A.L.,"Witteveen, Mark (57921495600); Sterenborg, Henricus J.C.M. (7005436001); van Leeuwen, Ton G. (57216995020); Aalders, Maurice C.G. (7003713956); Ruers, Theo J.M. (7006732610); Post, Anouk L. (57194405802)",Comparison of preprocessing techniques to reduce nontissue-related variations in hyperspectral reflectance imaging,2022,10.1117/1.JBO.27.10.106003,"Significance: Hyperspectral reflectance imaging can be used in medicine to identify tissue types, such as tumor tissue. Tissue classification algorithms are developed based on, e.g., machine learning or principle component analysis. For the development of these algorithms, data are generally preprocessed to remove variability in data not related to the tissue itself since this will improve the performance of the classification algorithm. In hyperspectral imaging, the measured spectra are also influenced by reflections from the surface (glare) and height variations within and between tissue samples. Aim: To compare the ability of different preprocessing algorithms to decrease variations in spectra induced by glare and height differences while maintaining contrast based on differences in optical properties between tissue types. Approach: We compare eight preprocessing algorithms commonly used in medical hyperspectral imaging: standard normal variate, multiplicative scatter correction, min–max normalization, mean centering, area under the curve normalization, single wavelength normalization, first derivative, and second derivative. We investigate conservation of contrast stemming from differences in: blood volume fraction, presence of different absorbers, scatter amplitude, and scatter slope—while correcting for glare and height variations. We use a similarity metric, the overlap coefficient, to quantify contrast between spectra. We also investigate the algorithms for clinical datasets from the colon and breast. Conclusions: Preprocessing reduces the overlap due to glare and distance variations. In general, the algorithms standard normal variate, min–max, area under the curve, and single wavelength normalization are the most suitable to preprocess data used to develop a classification algorithm for tissue classification. The type of contrast between tissue types determines which of these four algorithms is most suitable. © The Authors. Published by SPIE under a Creative Commons Attribution 4.0 International License.",36207772,Article,All Open Access; Gold Open Access; Green Open Access,SPIE,57921495600; 7005436001; 57216995020; 7003713956; 7006732610; 57194405802,https://www.scopus.com/pages/publications/85139570533?origin=resultslist,,Scopus,2-s2.0-85139570533,,,,,,,,,,,,,,,,,,,,,,,,,,,,,,,,,,,,,,,,,,,,,,,,,,,,,,,,,,,,,,,,,,,,,,,1,
Sin mención explícita de termografía o imagen térmica/infrarroja,BB-0171,171,Pilot Study to Evaluate the Association Between Superb Microvascular Imaging (SMI) and Histologic Markers of Angiogenesis in Patients With Invasive Ductal Carcinoma,49.0,Baja,★,"No se detectan en título, resumen o palabras clave: termografía. Mayor afinidad calculada: O2.",O2,3.1,15.3,3.8,3.0,Sí,Sí,No,Sí,Sí,"classification, breast","according, classification, breast","classification, breast","classification, breast",prioridad_tfidf_tema_v3,Scopus,Kayadibi Y.; Kargin O.A.; Aladag Kurt S.; Ozturk T.; Yilmaz M.H.,"Kayadibi, Yasemin (55901832200); Kargin, Osman Aykan (57194019064); Aladag Kurt, Seda (57192198553); Ozturk, Tulin (35311771300); Yilmaz, Mehmet Halit (7202595576)",Pilot Study to Evaluate the Association Between Superb Microvascular Imaging (SMI) and Histologic Markers of Angiogenesis in Patients With Invasive Ductal Carcinoma,2025,10.1002/jum.16674,"Objectives: Increasing microvessel density and angiogenesis are linked to a poor prognosis in patients with invasive ductal carcinoma (IDC) of the breast. This study aims to investigate intratumoral and peritumoral microvascular flow using superb microvascular imaging (SMI) in patients with IDC and explore its association with histologic markers of tumoral angiogenesis. Methods: Fifty-four female patients with IDC (mean age 49.5 ± 14.8 years) were evaluated using SMI before biopsy. The quantitative and qualitative vascular parameters on SMI (Adler's classification, vascular index, morphology, distribution, and penetration) were assessed. Histologic markers of angiogenesis (VEGF, ERG, and CD34) were analyzed via immunohistochemical staining in both intratumoral and peritumoral compartments of biopsy specimens. The expression levels were categorized semi-quantitatively as low or high groups based on the Allred scoring system. The association between histological and SMI parameters was analyzed. Subgroup analysis was performed according to lesion size, axillary lymph node metastasis, and histological grade. Results: IDCs with higher expression of VEGF in the peritumoral region showed a higher vascular index (7 ± 6.4 [95% CI 5.2–8.8] versus 3.7 ± 0.9 [95% CI 2.3–5.2], P =.003) on SMI. Likewise, high peritumoral ERG expression was linked to a higher vascular index (7.2 ± 6.3 [95% CI 5.4–9.0] versus 2.4 ± 1 [95% CI 1.1–3.8], P <.001), complex vessel morphology (66.7% versus 20%, P =.024), penetrating vessels (63% versus 20%, P =.037), and central vascularity (77.6% versus 20%, P =.006). Tumors with higher intratumoral ERG expression demonstrated a more complex vessel morphology on SMI (85.7% versus 60%, P =.047). The presence of axillary lymph node metastasis was associated with a higher vascular index (10 ± 7.6 [95%CI 6.7–13.2] versus 4.2 ± 3 [95%CI 3.1–5.3], <.001), complex morphology (83.3% versus 53.3%, P =.020), and penetrating vessels (63.2% versus 50%, P =.027) on SMI, as well as higher peritumoral ERG expression (100% versus 83.3%, P =.045). Conclusions: In this pilot study, tumors with higher neo-angiogenic activity based on histological markers correlate with increased vascular index, complex vessel morphology, penetrating vessels, and central vascularity on SMI. Larger studies are needed to assess the diagnostic accuracy and utility of risk stratification of patients. © 2025 The Author(s). Journal of Ultrasound in Medicine published by Wiley Periodicals LLC on behalf of American Institute of Ultrasound in Medicine.",40042161,Article,All Open Access; Green Open Access; Hybrid Gold Open Access,John Wiley and Sons Ltd,55901832200; 57194019064; 57192198553; 35311771300; 7202595576,https://www.scopus.com/pages/publications/86000343510?origin=resultslist,"Istanbul Üniversitesi-Cerrahpasa, IUC, (TSA‐2021‐35724); Istanbul Üniversitesi-Cerrahpasa, IUC",Scopus,2-s2.0-86000343510,,,,,,,,,,,,,,,,,,,,,,,,,,,,,,,,,,,,,,,,,,,,,,,,,,,,,,,,,,,,,,,,,,,,,,,1,
Título referido a mama animal u otro contexto veterinario,BB-0195,195,Precision technologies for predictive diagnosis and study of the allometric growth of broiler chickens with breast myopathies,62.2,Media,★★,Se detectan mama y termografía; conviene comprobar el alcance en el texto completo. Mayor afinidad calculada: O2.,O2,16.1,19.9,13.0,15.1,Sí,Sí,Sí,No,Sí,"infrared, breast","infrared, techniques, breast","infrared, breast","infrared, breast",prioridad_tfidf_tema_v3,Scopus; Web of Science,Castilho V.A.R.; Komiyama C.M.; Burbarelli M.F.C.; Fernandes A.M.; Garcia R.G.; Seno L.O.; Barbosa D.K.; Przybulinski B.B.; Serpa F.C.,"Castilho, V.A.R. (55801761900); Komiyama, C.M. (14019781000); Burbarelli, M.F.C. (56527378800); Fernandes, A.M. (59591267000); Garcia, R.G. (25027417600); Seno, L.O. (23499142700); Barbosa, D.K. (57217087248); Przybulinski, B.B. (57217082036); Serpa, F.C. (57217085112)",Precision technologies for predictive diagnosis and study of the allometric growth of broiler chickens with breast myopathies,2023,10.1080/00071668.2022.2128989,"1. An experiment was carried out to validate techniques as predictive diagnostic tools for breast myopathies and to study the allometric growth of distinct parts of the body and meat quality of broilers. 2. Infrared thermography was performed at 35 d of age. The surface temperatures of breasts of 300 birds were recorded, followed by ultrasound imaging. 3. The birds were slaughtered and the cuts were made to weigh the body parts. Then, the breasts were evaluated as for the presence and severity of myopathies, from which nine treatments were established represented by the associated degrees of the myopathies white striping and wooden breast and breasts classified as normal. 4. There was no difference in surface temperatures and echogenicity values between normal breasts and breasts affected by myopathies. At 35 d of age few fillets classified as normal were found. 5. The breast showed late growth in relation to the body, regardless of characteristic lesions of myopathies. The most severe score of wooden breast affected meat quality variables. © 2022 British Poultry Science Ltd.",36169617,Article,,Taylor and Francis Ltd.,55801761900; 14019781000; 56527378800; 59591267000; 25027417600; 23499142700; 57217087248; 57217082036; 57217085112,https://www.scopus.com/pages/publications/85142124908?origin=resultslist,,Scopus,2-s2.0-85142124908,J,,,,,,BRITISH POULTRY SCIENCE,,,,,,,,,Echogenicity; infrared thermography; meat quality; temperature; ultrasound,WOODEN-BREAST; MEAT QUALITY; ULTRASOUND TECHNOLOGY; MUSCLE; MYODEGENERATION; THERMOGRAPHY; FILLETS; IMPACT; YIELD; RAW,"[Castilho, V. A. R.; Komiyama, C. M.; Burbarelli, M. F. C.; Fernandes, A. M.; Garcia, R. G.; Seno, L. O.; Barbosa, D. K.; Przybulinski, B. B.; Serpa, F. C.] Fed Univ Grande Dourados UFGD, Fac Anim Sci, Rod Douradosa Ithaum,Km 12, BR-79800000 Dourados, MS, Brazil",,"Castilho, VAR (corresponding author), Fed Univ Grande Dourados UFGD, Fac Anim Sci, Rod Douradosa Ithaum,Km 12, BR-79800000 Dourados, MS, Brazil.",viviancastilho@live.com,,,,,,,,,,,,,,0007-1668,1466-1799,,,,MAR 4,64,2,,,,,204,213,,0,,NOV 2022,,,,Agriculture,AR9D3,,,,WOS:000883291200001,0,"Castilho, VAR; Komiyama, CM; Burbarelli, MFC; Fernandes, AM; Garcia, RG; Seno, LO; Barbosa, DK; Przybulinski, BB; Serpa, FC","Castilho, V. A. R.; Komiyama, C. M.; Burbarelli, M. F. C.; Fernandes, A. M.; Garcia, R. G.; Seno, L. O.; Barbosa, D. K.; Przybulinski, B. B.; Serpa, F. C.",Precision technologies for predictive diagnosis and study of the allometric growth of broiler chickens with breast myopathies,2023,10.1080/00071668.2022.2128989,"1. An experiment was carried out to validate techniques as predictive diagnostic tools for breast myopathies and to study the allometric growth of distinct parts of the body and meat quality of broilers. 2. Infrared thermography was performed at 35 d of age. The surface temperatures of breasts of 300 birds were recorded, followed by ultrasound imaging. 3. The birds were slaughtered and the cuts were made to weigh the body parts. Then, the breasts were evaluated as for the presence and severity of myopathies, from which nine treatments were established represented by the associated degrees of the myopathies white striping and wooden breast and breasts classified as normal. 4. There was no difference in surface temperatures and echogenicity values between normal breasts and breasts affected by myopathies. At 35 d of age few fillets classified as normal were found. 5. The breast showed late growth in relation to the body, regardless of characteristic lesions of myopathies. The most severe score of wooden breast affected meat quality variables.",Article,,2,
Sin mención explícita de termografía o imagen térmica/infrarroja,BB-0226,226,Mastectomy Skin Flap Perfusion Assessment Prior to Breast Reconstruction: A Narrative Review,30.2,Baja,★,"El título indica un artículo de revisión; puede servir como contexto, pero no como estudio primario. Mayor afinidad calculada: O2.",O2,0.9,12.1,0.8,7.9,Sí,No,No,No,Sí,breast,"within, breast",breast,"evaluation, breast",prioridad_tfidf_tema_v3,Scopus,Orădan A.V.; Georgescu A.V.; Ilie-Ene A.; Corpodean A.A.; Juncan T.P.; Muntean M.V.,"Orădan, Alex Victor (57203369730); Georgescu, Alexandru Valentin (7006467057); Ilie-Ene, Alexandru (58819220500); Corpodean, Alma Andreea (57223373236); Juncan, Teodora Paula (59347091500); Muntean, Maximilian Vlad (34873103500)",Mastectomy Skin Flap Perfusion Assessment Prior to Breast Reconstruction: A Narrative Review,2024,10.3390/jpm14090946,"Background: Predicting the viability of the skin flaps after mastectomy is of high importance and significance in immediate breast reconstruction. Numerous methods have been used and are readily available. This review aims to describe and compare the current preferred perfusion assessment tools. Methods: Four major scientific databases—Web of Science, PubMed, Embase, and Scopus—were consulted to retrieve reviews, meta-analyses, clinical trials, experimental studies, and case reports focused on skin flap perfusion assessment following mastectomy. English-language articles published within the last 10 years were included. The most recent search was conducted on 31 July 2024. Results: A summary focused on the relevant information of all included studies was drafted, and the results of the studies have been synthetized and compared. A total of 58 studies have been included in this review. Conclusion: Indocyanine green angiography (ICG-A) is the preferred and most-used method of evaluating perfusion, especially in high-risk patients, while new technologies show promising results and might be of great interest in the future. Perfusion assessment tools complement and should not replace clinical evaluation. © 2024 by the authors.",,Review,All Open Access; Gold Open Access; Green Open Access,Multidisciplinary Digital Publishing Institute (MDPI),57203369730; 7006467057; 58819220500; 57223373236; 59347091500; 34873103500,https://www.scopus.com/pages/publications/85205222664?origin=resultslist,,Scopus,2-s2.0-85205222664,,,,,,,,,,,,,,,,,,,,,,,,,,,,,,,,,,,,,,,,,,,,,,,,,,,,,,,,,,,,,,,,,,,,,,,1,
Título referido a mama animal u otro contexto veterinario,BB-0233,233,Using TD-NMR relaxometry to assess the effects of diet type and stocking rate on the incidence and degree of severity of myopathies in broilers,49.0,Baja,★,"No se detectan en título, resumen o palabras clave: IA/modelos. Mayor afinidad calculada: O2.",O2,7.8,25.7,6.3,7.3,Sí,No,Sí,No,Sí,"infrared, images, breast","according, infrared, images, breast","infrared, images, breast","infrared, images, breast",prioridad_tfidf_tema_v3,Scopus; Web of Science,Cônsolo N.R.B.; Barbosa L.C.G.S.; Moraes T.B.; Buraque V.M.; Colnago L.A.; Queiroz Júnior L.H.K.; Oliveira V.M.; Hannaford R.; Araújo C.S.S.; Roque F.D.A.; Granghelli C.A.; Fonseca A.C.; Araújo L.F.,"Cônsolo, Nara R.B. (55595563900); Barbosa, Luis C.G.S. (56088593200); Moraes, Tiago B. (55350154000); Buraque, Vicente M. (57782416600); Colnago, Luiz A. (6603673445); Queiroz Júnior, Luiz H.K. (55320655900); Oliveira, Vitor M. (57781098600); Hannaford, Rina (57749635600); Araújo, Cristiane S.S. (57226272882); Roque, Fabrícia de A. (57211055407); Granghelli, Carlos A. (57200967465); Fonseca, André C. (57218711998); Araújo, Lucio F. (12040440200)",Using TD-NMR relaxometry to assess the effects of diet type and stocking rate on the incidence and degree of severity of myopathies in broilers,2022,10.1016/j.microc.2022.107745,"This study aimed to evaluate different feeding strategies and stocking rates (SR) on the occurrence and severity of broiler myopathies. Additionally, a second aim was to test the potential use of Time-Domain Nuclear Magnetic Resonance (TD-NMR) relaxometry for assessing white striping (WS) and wooden breast (WB) incidence and the degree of severity in broiler chicken breasts. Treatments were arranged in a 2 × 2 factorial design and consisted of two nutritional levels (regular and superior diets) and two different SR (high 47 kg/m2 or regular 59 kg/m2). Infrared thermography (IRT) images were recorded on three different days to determine the average, minimum and maximum temperatures. After 49 days of rearing, birds were slaughtered, and 75 breasts were weighed and classified according to the absence (normal breast, without the occurrence of myopathy – NB) or occurrence and severity of WB and WS. The whole breasts were analysed by TD-NMR relaxometry using the Carr-Purcell-Meiboom-Gill (CPMG) pulse sequence and Continuous Wave-Free Precession (CWFP-T1) pulse sequence. There was no effect of diet and diet*SR interaction on the weight of breast meat; however, chickens raised at the higher density presented a lower breast weight (P < 0.0001; 490 vs. 539 g). The incidence and severity of myopathies was not influenced by the treatments (P = 0.9467); the frequencies of WB and WS were similar in the different treatments. For CPMG and CWFP-T1, three and two relaxation populations were noted, respectively. The sPLS-DA model optimisation showed a significant separation between WS and NB in terms of occurrence and severity. In conclusion, changes in diet and SR did not mitigate the occurrence or severity of WS and WB. Additionally, TD-NMR relaxometry showed to be a promising technology for evaluating and segregating breasts according to myopathy incidence and severity. © 2022 Elsevier B.V.",,Article,All Open Access; Green Open Access,Elsevier Inc.,55595563900; 56088593200; 55350154000; 57782416600; 6603673445; 55320655900; 57781098600; 57749635600; 57226272882; 57211055407; 57200967465; 57218711998; 12040440200,https://www.scopus.com/pages/publications/85133468445?origin=resultslist,"Fundação de Amparo à Pesquisa do Estado de São Paulo, FAPESP, (2020/08845-3, 2021/12694-3); Fundação de Amparo à Pesquisa do Estado de São Paulo, FAPESP; Conselho Nacional de Desenvolvimento Científico e Tecnológico, CNPq, (307635/2021-0); Conselho Nacional de Desenvolvimento Científico e Tecnológico, CNPq",Scopus,2-s2.0-85133468445,J,,,,,,MICROCHEMICAL JOURNAL,,,,,,,,,T-1 and T-2 relaxation; TD-NMR; Myopathies prediction; Emerging technology; White striping; Wooden breast,PECTORALIS MAJOR MUSCLE; WOODEN BREAST MYOPATHY; MEAT QUALITY; WATER PROPERTIES; FINISHER DIETS; MYODEGENERATION; CARCASS; FILLETS; GROWER,"[Consolo, Nara R. B.; Buraque, Vicente M.; Roque, Fabricia de A.; Granghelli, Carlos A.; Fonseca, Andre C.; Araujo, Lucio F.] Univ Sao Paulo, Sch Anim Sci & Food Engn, Dept Anim Sci, BR-13635900 Pirassununga, SP, Brazil; [Barbosa, Luis C. G. S.; Araujo, Cristiane S. S.] Univ Sao Paulo, Sch Vet Med & Anim Sci, Dept Nutr & Prod, BR-13635900 Pirassununga, SP, Brazil; [Moraes, Tiago B.] Univ Sao Paulo, Dept Biosyst Engn, BR-13418900 Piracicaba, SP, Brazil; [Colnago, Luiz A.] EMBRAPA Instrumentacao, BR-13560970 Sao Carlos, SP, Brazil; [Queiroz Junior, Luiz H. K.; Oliveira, Vitor M.] Univ Fed Goias, Chem Inst, BR-74690900 Goiania, GO, Brazil; [Hannaford, Rina] AgResearch, Grasslands Res Ctr, Palmerston North 442, New Zealand",,"Consolo, NRB (corresponding author), Univ Sao Paulo, Sch Anim Sci & Food Engn, Dept Anim Sci, BR-13635900 Pirassununga, SP, Brazil.",nara.consolo@usp.br,,,,,,,,,,,,,,0026-265X,1095-9149,,,,OCT,181,,,,,,,,107745,0,,JUL 2022,,,,Chemistry,3F2PH,,,,WOS:000830512200005,0,"Consolo, NRB; Barbosa, LCGS; Moraes, TB; Buraque, VM; Colnago, LA; Junior, LHKQ; Oliveira, VM; Hannaford, R; Araujo, CSS; Roque, FD; Granghelli, CA; Fonseca, AC; Araujo, LF","Consolo, Nara R. B.; Barbosa, Luis C. G. S.; Moraes, Tiago B.; Buraque, Vicente M.; Colnago, Luiz A.; Queiroz Junior, Luiz H. K.; Oliveira, Vitor M.; Hannaford, Rina; Araujo, Cristiane S. S.; Roque, Fabricia de A.; Granghelli, Carlos A.; Fonseca, Andre C.; Araujo, Lucio F.",Using TD-NMR relaxometry to assess the effects of diet type and stocking rate on the incidence and degree of severity of myopathies in broilers,2022,10.1016/j.microc.2022.107745,"This study aimed to evaluate different feeding strategies and stocking rates (SR) on the occurrence and severity of broiler myopathies. Additionally, a second aim was to test the potential use of Time-Domain Nuclear Magnetic Resonance (TD-NMR) relaxometry for assessing white striping (WS) and wooden breast (WB) incidence and the degree of severity in broiler chicken breasts. Treatments were arranged in a 2 x 2 factorial design and consisted of two nutritional levels (regular and superior diets) and two different SR (high 47 kg/m(2) or regular 59 kg/m(2)). Infrared thermography (IRT) images were recorded on three different days to determine the average, minimum and maximum temperatures. After 49 days of rearing, birds were slaughtered, and 75 breasts were weighed and classified according to the absence (normal breast, without the occurrence of myopathy - NB) or occurrence and severity of WB and WS. The whole breasts were analysed by TD-NMR relaxometry using the Carr-Purcell-Meiboom-Gill (CPMG) pulse sequence and Continuous Wave-Free Precession (CWFP-T1) pulse sequence. There was no effect of diet and diet*SR interaction on the weight of breast meat; however, chickens raised at the higher density presented a lower breast weight (P < 0.0001; 490 vs. 539 g). The incidence and severity of myopathies was not influenced by the treatments (P = 0.9467); the frequencies of WB and WS were similar in the different treatments. For CPMG and CWFP-T1, three and two relaxation populations were noted, respectively. The sPLS-DA model optimisation showed a significant separation between WS and NB in terms of occurrence and severity. In conclusion, changes in diet and SR did not mitigate the occurrence or severity of WS and WB. Additionally, TD-NMR relaxometry showed to be a promising technology for evaluating and segregating breasts according to myopathy incidence and severity.",Article,,2,
Sin mención explícita de termografía o imagen térmica/infrarroja,BB-0240,240,Implementing AI in breast imaging: challenges to turn the gadget into gain,16.2,Baja,★,"No se detectan en título, resumen o palabras clave: termografía, IA/modelos.",,0.0,0.0,0.0,0.0,Sí,No,No,No,No,,,,,prioridad_tfidf_tema_v3,Scopus,Pinker K.,"Pinker, Katja (6506283237)",Implementing AI in breast imaging: challenges to turn the gadget into gain,2024,10.1007/s00330-023-10205-1,[No abstract available],37667145,Editorial,,Springer Science and Business Media Deutschland GmbH,6506283237,https://www.scopus.com/pages/publications/85169785396?origin=resultslist,,Scopus,2-s2.0-85169785396,,,,,,,,,,,,,,,,,,,,,,,,,,,,,,,,,,,,,,,,,,,,,,,,,,,,,,,,,,,,,,,,,,,,,,,1,
Sin mención explícita de termografía o imagen térmica/infrarroja,BB-0242,242,Explainable deep learning framework for breast tumor analysis in ultrasound imaging systems,49.0,Baja,★,"No se detectan en título, resumen o palabras clave: termografía. Mayor afinidad calculada: O3.",O3,26.4,23.0,28.4,14.7,Sí,Sí,No,Sí,Sí,"datasets, classification, images, cancer, breast","image, classification, images, cancer, breast","models, deep, classification, images, learning, cancer, breast","classification, images, cancer, breast",prioridad_tfidf_tema_v3,Scopus,Ramya T.V.; Dorathi Jayaseeli J.D.,"Ramya, T.V. (60225796400); Dorathi Jayaseeli, J.D. (56938772800)",Explainable deep learning framework for breast tumor analysis in ultrasound imaging systems,2026,10.1016/j.bspc.2025.109336,"Breast cancer is one of the leading causes of mortality among women. Ultrasound imaging has emerged as a promising, non-invasive technique for early detection. Convolutional Neural Networks (CNNs) are widely used for image classification; however, identifying optimal architectures and hyperparameters remains challenging. Moreover, the growing number of breast-cancer screenings requires automated deep-learning (DL) solutions that are fast, cost-effective, and highly accurate. This study proposes a lightweight, optimization-based end-to-end model, U-Net-R-SE combined with a Capsule Network (CN) optimized using the Blood-Sucking Leech Optimizer (BSLO), to jointly perform segmentation and classification of breast tumors. Unlike existing works that handle these tasks independently, the proposed approach integrates U-Net-R-SE with CN-BSLO to achieve a balance between interpretability, accuracy, and computational efficiency. Tumor regions are segmented using the Residual Squeeze-and-Excitation U-Net (U-Net-R-SE), which incorporates residual connections and squeeze-excitation modules to enhance segmentation precision. The CN-BSLO module then classifies images into normal, benign, and malignant categories. Tumor-size estimation for malignant cases adds clinical value, while Explainable AI (XAI) visualization through Grad-CAM provides interpretability. Experiments conducted on the BUSI and BUS-UCLM benchmark datasets show that the proposed U-Net-R-SE + CN-BSLO framework surpasses other CNN-based models, achieving classification accuracies of 99.24 % (BUSI) and 99.31 % (BUS-UCLM). These results demonstrate the model's robustness and its potential to assist clinicians in making accurate, efficient, and explainable diagnostic decisions. © 2025 Elsevier Ltd",,Article,,Elsevier Ltd,60225796400; 56938772800,https://www.scopus.com/pages/publications/105023961528?origin=resultslist,,Scopus,2-s2.0-105023961528,,,,,,,,,,,,,,,,,,,,,,,,,,,,,,,,,,,,,,,,,,,,,,,,,,,,,,,,,,,,,,,,,,,,,,,1,
Sin mención de mama,BB-0250,250,Artificial Intelligence-Based Early Prediction Techniques in Agri-Tech Domain,49.0,Baja,★,"No se detectan en título, resumen o palabras clave: mama. Mayor afinidad calculada: O1.",O1,49.0,33.3,27.7,20.1,No,No,Sí,Sí,Sí,"particular, infrared, classification, images","infrared, techniques, classification, images","infrared, deep, classification, images, learning","infrared, classification, images",prioridad_tfidf_tema_v3,Scopus,Amato A.; Amato F.; Angrisani L.; Barolli L.; Bonavolontà F.; Neglia G.; Tamburis O.,"Amato, Alessandra (57208166117); Amato, Flora (57208073345); Angrisani, Leopoldo (7006649427); Barolli, Leonard (6601911059); Bonavolontà, Francesco (55825402400); Neglia, Gianluca (6602529587); Tamburis, Oscar (13205546400)",Artificial Intelligence-Based Early Prediction Techniques in Agri-Tech Domain,2022,10.1007/978-3-030-84910-8_5,"This work is aimed at presenting an application of Artificial Intelligence techniques in the Precise Livestock Farming domain. In particular, we focused on the possibility of identifying mastitis using non-invasive IR techniques, delegating to artificial intelligence techniques the task of early detecting ongoing mastitis situations. We conduct an experimental campaign finalized to verify that an infrared thermography measurement technique (which absorbs infrared radiation and generates images based on the amount of heat generated) can be profitably used in the early detection of mastitis in buffalo populations. For this experimental campaign, the surface temperature of the udder skin was measured using an infrared camera. We use a Deep Learning approach to perform an early classification of the infrared pictures, finalized to distinguish healthy breasts from those with ongoing mastitis symptoms. © 2022, The Author(s), under exclusive license to Springer Nature Switzerland AG.",,Conference paper,,Springer Science and Business Media Deutschland GmbH,57208166117; 57208073345; 7006649427; 6601911059; 55825402400; 6602529587; 13205546400,https://www.scopus.com/pages/publications/85113735059?origin=resultslist,,Scopus,2-s2.0-85113735059,,,,,,,,,,,,,,,,,,,,,,,,,,,,,,,,,,,,,,,,,,,,,,,,,,,,,,,,,,,,,,,,,,,,,,,1,
Sin mención explícita de termografía o imagen térmica/infrarroja,BB-0254,254,Performance Analysis of Intelligent Models for Breast Cancer Classification,49.0,Baja,★,"No se detectan en título, resumen o palabras clave: termografía. Mayor afinidad calculada: O3.",O3,30.8,35.9,70.0,18.9,Sí,Sí,No,Sí,Sí,"datasets, classification, images, cancer, breast","techniques, classification, images, cancer, breast","including, models, machine, deep, classification, images, learning, cancer, breast","classification, images, cancer, breast",prioridad_tfidf_tema_v3,Scopus,Narkhede P.; Bhende M.; Thakare A.,"Narkhede, Pradnya (58408118700); Bhende, Manisha (57212697259); Thakare, Anuradha (55995624200)",Performance Analysis of Intelligent Models for Breast Cancer Classification,2025,10.1007/978-3-031-94302-7_25,"Breast cancer continues to be a major global health issue, making early and accurate identification crucial for improving patient survival rates. This study investigates various methods for breast cancer classification, comparing conventional machine learning models with sophisticated deep learning techniques. The research investigates various feature extraction techniques, including the Gray Level Co-occurrence Matrix (GLCM), Histogram of Oriented Gradients (HOG), and Local Binary Patterns (LBP), to improve the detection of pertinent patterns in medical imaging. The gathered attributes are further examined utilizing machine learning classifiers, such as Random Forest (RF), Support Vector Machine (SVM), and K-Nearest Neighbors (KNN), to assess their effectiveness in categorizing breast cancer patients. This study investigates deep learning models, such as Convolutional Neural Networks (CNNs), VGG16, and InceptionV3, utilizing conventional techniques that can autonomously extract hierarchical features from medical images. The comparison of machine learning with deep learning methodologies underscores deep learning’s superiority in managing intricate patterns, diminishing reliance on human feature extraction, and enhancing classification effectiveness. Subsequent research highlights the significance of feature selection techniques in enhancing model effectiveness and accuracy. Experimental results demonstrate that deep learning models markedly exceed conventional machine learning techniques in classification accuracy, robustness, and generalization capacities. CNN-based architectures, like VGG16 and InceptionV3, exhibit exceptional effectiveness in identifying complex patterns in breast tissue images. These findings highlight the increasing importance of deep learning in medical diagnostics, emphasizing its potential to create reliable and automated techniques for breast cancer diagnosis. This research underscores the imperative of utilizing deep learning techniques to improve breast cancer detection. Future developments must concentrate on enhancing model architectures, diversifying datasets, and incorporating explainability methods to ensure transparent and clinically relevant AI-driven diagnostic solutions. © 2025 The Editor(s) (if applicable) and The Author(s), under exclusive license to Springer Nature Switzerland AG.",,Book chapter,,Springer Science+Business Media,58408118700; 57212697259; 55995624200,https://www.scopus.com/pages/publications/105023635052?origin=resultslist,,Scopus,2-s2.0-105023635052,,,,,,,,,,,,,,,,,,,,,,,,,,,,,,,,,,,,,,,,,,,,,,,,,,,,,,,,,,,,,,,,,,,,,,,1,
Sin mención de mama,BB-0280,280,An AI-Driven Multimodal Monitoring System for Early Mastitis Indicators in Italian Mediterranean Buffalo,41.5,Baja,★,"No se detectan en título, resumen o palabras clave: mama. Mayor afinidad calculada: O3.",O3,2.0,1.9,7.2,1.9,No,No,Sí,Sí,Sí,images,images,"approaches, images",images,prioridad_tfidf_tema_v3,Scopus,Verde M.T.; Fonisto M.; Amato F.; Liccardo A.; Matera R.; Neglia G.; Bonavolontà F.,"Verde, Maria Teresa (57990755500); Fonisto, Mattia (57314491200); Amato, Flora (57208073345); Liccardo, Annalisa (14631935200); Matera, Roberta (57323029900); Neglia, Gianluca (6602529587); Bonavolontà, Francesco (55825402400)",An AI-Driven Multimodal Monitoring System for Early Mastitis Indicators in Italian Mediterranean Buffalo,2025,10.3390/s25154865,"Highlights: What are the main findings? An AI-driven thermal imaging system, synchronized with robotic milking, enables continuous, non-invasive monitoring of udder health in Italian Mediterranean buffalo. A SegFormer-based neural network accurately segments the udder and extracts the maximum skin temperature, showing a significant correlation with somatic cell count (SCC). What are the implications of the main findings? The system allows for the early detection of subclinical mastitis, enabling timely veterinary intervention before clinical signs appear. This method supports precision livestock farming by reducing stress, avoiding unnecessary antibiotic use, and improving milk quality and farm sustainability. Mastitis is a significant challenge in the buffalo industry, affecting both milk production and animal health and resulting in economic losses. This study presents the first fully automated AI-driven thermal imaging system integrated with robotic milking, specifically developed for the real-time, non-invasive monitoring of udder health in Italian Mediterranean buffalo. Unlike traditional approaches, the system leverages the synchronized acquisition of thermal images during milking and compensates for environmental variables through a calibrated weather station. A transformer-based neural network (SegFormer) segments the udder area, enabling the extraction of maximum udder skin surface temperature (USST), which is significantly correlated with somatic cell count (SCC). Initial trials demonstrate the feasibility of this approach in operational farm environments, paving the way for scalable, precision diagnostics of subclinical mastitis. This work represents a critical step toward intelligent, automated systems for early detection and intervention, improving animal welfare and reducing antibiotic use. © 2025 by the authors.",40808030,Article,All Open Access; Gold Open Access; Green Open Access,Multidisciplinary Digital Publishing Institute (MDPI),57990755500; 57314491200; 57208073345; 14631935200; 57323029900; 6602529587; 55825402400,https://www.scopus.com/pages/publications/105013386044?origin=resultslist,"European Commission, EC, (1032 17/06/2022, CN00000022); European Commission, EC",Scopus,2-s2.0-105013386044,,,,,,,,,,,,,,,,,,,,,,,,,,,,,,,,,,,,,,,,,,,,,,,,,,,,,,,,,,,,,,,,,,,,,,,1,
Sin mención explícita de termografía o imagen térmica/infrarroja,BB-0303,303,Application of the item response theory in assessing the scale for clinical classification of breast cancer types,49.0,Baja,★,"No se detectan en título, resumen o palabras clave: termografía. Mayor afinidad calculada: O2.",O2,11.0,31.3,8.9,10.5,Sí,Sí,No,Sí,Sí,"cancer, breast","within, cancer, breast","cancer, breast","cancer, breast",prioridad_tfidf_tema_v3,Scopus,Atsa'am D.D.; Gbaden T.; Wario R.,"Atsa'am, Donald Douglas (57202001254); Gbaden, Terlumun (57972170100); Wario, Ruth (55210785600)",Application of the item response theory in assessing the scale for clinical classification of breast cancer types,2025,10.1504/IJMEI.2025.145081,"This study assessed the validity and reliability of an existing scale for classifying breast cancer types. The scale consists of nine variables that assess biopsies on a scale of 1 to 10 to determine if a patient’s breast cancer is benign or malignant. The item response theory (IRT) was employed for item and scale analysis of the breast cancer dataset consisting of 699 records with known breast cancer types. IRT indexes for assessing model and item fits fell within acceptable ranges. Slope parameters and factor analysis produced results which proved that each item had a reasonable association with breast cancer categories. Each item contained some amount of statistical information that could lead to the discrimination of breast cancer types. The scale reliability evaluated to the value, 0.91. The overall scale is sound and appropriate for breast cancer categorisation and thus recommended for use in research and practice. Copyright © 2025 Inderscience Enterprises Ltd.",,Article,,Inderscience Publishers,57202001254; 57972170100; 55210785600,https://www.scopus.com/pages/publications/105000322604?origin=resultslist,,Scopus,2-s2.0-105000322604,,,,,,,,,,,,,,,,,,,,,,,,,,,,,,,,,,,,,,,,,,,,,,,,,,,,,,,,,,,,,,,,,,,,,,,1,
Sin mención explícita de termografía o imagen térmica/infrarroja,BB-0308,308,Breast Cancer Diagnosis and HER2+ Versus Triple Negative Discrimination by Infrared Spectral Histopathology,93.1,Alta,★★★,Coinciden los términos del tema central y hay afinidad con los objetivos. Mayor afinidad calculada: O2.,O2,58.8,80.4,80.4,49.0,Sí,Sí,Sí,Sí,Sí,"access, infrared, classification, cancer, breast","workflows, infrared, classification, cancer, breast","training, including, models, machine, infrared, classification, learning, cancer, breast","evaluation, performance, infrared, classification, cancer, breast",prioridad_tfidf_tema_v3,Scopus,El Tahech H.; Lerévérend C.; Kane S.; Fichel C.; Hassani J.; Trévoux S.; Untereiner V.; Lehmann-Che J.; Maquin C.; Corsois L.; Merrouche Y.; Vuiblet V.; Bolko L.; Salmon J.-H.; Piot O.; Potteaux S.; Gobinet C.,"El Tahech, Hayat (60703456600); Lerévérend, Cédric (57208778008); Kane, Seydou (59696034800); Fichel, Caroline (36245222500); Hassani, Jawaheer (60703506600); Trévoux, Sandrine (60703456700); Untereiner, Valérie (26028231600); Lehmann-Che, Jacqueline (8590646000); Maquin, Célia (59240537000); Corsois, Laurent (6508143325); Merrouche, Yacine (7003702213); Vuiblet, Vincent (26658792100); Bolko, Loïs (57191920903); Salmon, Jean-Hugues (55062653100); Piot, Olivier (35234619300); Potteaux, Stéphane (6507216645); Gobinet, Cyril (16309509100)",Breast Cancer Diagnosis and HER2+ Versus Triple Negative Discrimination by Infrared Spectral Histopathology,2026,10.1021/acs.analchem.6c00639,"Breast cancer is a heterogeneous disease comprising distinct molecular subtypes that require accurate diagnosis for effective treatment. Conventional diagnostic methods primarily rely on histologic evaluation, which limits access to molecular-level information. Here, we present a label-free strategy combining Fourier-transform infrared (FTIR) imaging with machine learning for breast cancer diagnosis and subtype classification from tissue sections. A two-step approach was developed: first, to discriminate benign from malignant breast tissues, and second, to differentiate HER2+ from triple negative breast cancer (TNBC) subtypes. Using a cohort of 61 patients, LightGBM-based models reached sensitivities above 84% in distinguishing benign from malignant lesions, with ensemble learning achieving 100% accuracy across independent test sets, and 87.5% when including luminal tumors not used during training. Subtype classification proved more challenging but integrating the tumor microenvironment into the models improved performance, reaching sensitivities of 85.7% for HER2+ and 83.3% for TNBC patients. This study demonstrates, for the first time, the potential of FTIR imaging combined with AI to distinguish between HER2+ and TNBC subtypes directly from tissue sections. These findings highlight the relevance of spectral histopathology for rapid, nondestructive, and accurate breast cancer diagnosis, paving the way for integration into clinical workflows. © 2026 American Chemical Society",,Article,,American Chemical Society,60703456600; 57208778008; 59696034800; 36245222500; 60703506600; 60703456700; 26028231600; 8590646000; 59240537000; 6508143325; 7003702213; 26658792100; 57191920903; 55062653100; 35234619300; 6507216645; 16309509100,https://www.scopus.com/pages/publications/105042568128?origin=resultslist,"Grand Reims; ITMO Cancer of Aviesan; Institut National de la Santé et de la Recherche Médicale; Université de Reims Champagne-Ardenne, URCA; Ecole Universitaire de Recherche; Graduate School NANO-PHOT (Ecole Universitaire de Recherche, PIA3, contract ANR-18-EURE-0013), (ANR-18-EURE-0013); University of Toulouse─PURPAN School of Engineering, (UMR 1010 INRAE/INP-ENSIACET); Amélie SERVETTAZ, (IRMAIC UR7509)",Scopus,2-s2.0-105042568128,,,,,,,,,,,,,,,,,,,,,,,,,,,,,,,,,,,,,,,,,,,,,,,,,,,,,,,,,,,,,,,,,,,,,,,1,
Sin mención explícita de termografía o imagen térmica/infrarroja,BB-0312,312,A comprehensive review of statistical learning in lymphedema research and future perspectives,39.5,Baja,★,"El título indica un artículo de revisión; puede servir como contexto, pero no como estudio primario. Mayor afinidad calculada: O3.",O3,1.6,16.4,29.2,7.5,No,Sí,No,Sí,Sí,cancer,"purpose, data, techniques, cancer","approaches, including, machine, deep, learning, cancer","evaluation, cancer",prioridad_tfidf_tema_v3,Scopus,Fernandes C.R.; Ventura J.O.; Silva D.J.,"Fernandes, C.R. (58453140500); Ventura, J.O. (7102389060); Silva, D.J. (7102064674)",A comprehensive review of statistical learning in lymphedema research and future perspectives,2026,10.1016/j.ibmed.2026.100373,"Background: Lymphedema is a chronic and progressive condition characterized by an abnormal accumulation of lymphatic fluid, which is often misdiagnosed and mistreated. With climate change, population growth, and the increasing incidence of cancer and obesity, the global burden of this disease will continue to grow. Objective: This work presents an overview of the role of statistical learning methods in the context of lymphedema research and provides future directions. Methods: In this comprehensive review, the applicability of different statistical learning approaches in lymphedema research was evaluated, ranging from classical statistical methods to deep learning techniques. For this purpose, we used different scholar research platforms and databases such as ScienceDirect, PubMed, Google Scholar, and ResearchGate, and the references of the papers found were also carefully analyzed. These methods have been applied to map endemic diseases such as lymphatic filariasis and podoconiosis, predict individual risk, enable early diagnosis, and improve the detection of lymphedema. Results: Statistical learning methods have become essential tools for studying the geographic distribution of lymphedema, identifying and predicting risk factors, and supporting diagnostic and treatment strategies. Classical statistical approaches and machine learning algorithms have been widely applied in spatial epidemiology to map podoconiosis and lymphatic filariasis, as well as to assess lymphedema risk following cancer treatment. The automation of lymphedema detection, diagnosis, and evaluation using machine and deep learning algorithms reduces errors associated with human assessment and enables remote and scalable healthcare delivery, particularly in resource-limited healthcare settings. Conclusions: This review highlights the potential of including statistical learning approaches to advance lymphedema research, emphasizing the need for interdisciplinary collaborations, high-quality data, and continued innovation to support more accurate, efficient, and personalized approaches with the ultimate goal of improving patients’ quality of life. © 2026 The Authors.",,Review,All Open Access; Gold Open Access,Elsevier B.V.,58453140500; 7102389060; 7102064674,https://www.scopus.com/pages/publications/105033381495?origin=resultslist,"Fundação para a Ciência e a Tecnologia, FCT; IFIMUP, (LA/P/0095/2020, UIDB/04968/2025, UIDP/04968/2025)",Scopus,2-s2.0-105033381495,,,,,,,,,,,,,,,,,,,,,,,,,,,,,,,,,,,,,,,,,,,,,,,,,,,,,,,,,,,,,,,,,,,,,,,1,
Sin mención explícita de termografía o imagen térmica/infrarroja,BB-0321,321,Expanding the horizon for breast cancer screening in India through artificial intelligent technologies -A mini-review,49.0,Baja,★,"El título indica un artículo de revisión; puede servir como contexto, pero no como estudio primario. Mayor afinidad calculada: O2.",O2,11.3,30.6,9.1,10.7,Sí,Sí,No,Sí,Sí,"cancer, breast","according, cancer, breast","cancer, breast","cancer, breast",prioridad_tfidf_tema_v3,Scopus,Bhattacharya S.; Varshney S.; Heidler P.; Tripathi S.K.,"Bhattacharya, Sudip (57226886109); Varshney, Saurabh (56095270100); Heidler, Petra (57221552679); Tripathi, Shailesh K. (57384747900)",Expanding the horizon for breast cancer screening in India through artificial intelligent technologies -A mini-review,2022,10.3389/fdgth.2022.1082884,"Introduction: Breast cancer is one of the most common cancer among Indian women, with an incidence of 25.8 per 100,000 women according to the Ministry of Health and Family Welfare. Late detection is responsible for poor quality of life (QOL), and it is the leading cause of death. In metropolitan regions, one in every 22 women will have breast cancer over their lifetime; but in rural areas, one in every 60 women will develop breast cancer as per estimates. Aim and objective: This paper aims to describe the various AI based breast screening technologies which are used in breast cancer screening in India. Methodology: The literature search was done using “Pub Med,” “Google scholar,” and “Scopus” databases for the key terms “technology,” “cancer research,” “artificial intelligence,” “mammography”, “breast cancer,” “cancer,” and/or “neoplasia in breast.” All the relevant articles were included to support this mini review. Results: We found that emerging artificial intelligent technologies namely “Niramai”, “iBreastExam,” “MammoAssist” are emerging as an hope for early detection by screening in resource poor settings, in turn, which can improve the QOL among breast cancer patients. 2022 Bhattacharya, Varshney, Heidler and Tripathi.",,Review,All Open Access; Gold Open Access; Green Open Access,Frontiers Media S.A.,57226886109; 56095270100; 57221552679; 57384747900,https://www.scopus.com/pages/publications/85145701019?origin=resultslist,,Scopus,2-s2.0-85145701019,,,,,,,,,,,,,,,,,,,,,,,,,,,,,,,,,,,,,,,,,,,,,,,,,,,,,,,,,,,,,,,,,,,,,,,1,
Sin mención de mama,BB-0326,326,Accurate detection of dairy cow mastitis with deep learning technology: a new and comprehensive detection method based on infrared thermal images,46.4,Baja,★,"No se detectan en título, resumen o palabras clave: mama. Mayor afinidad calculada: O3.",O3,12.6,11.7,21.1,11.9,No,No,Sí,Sí,Sí,"infrared, images","infrared, images","infrared, deep, images, learning","infrared, images",prioridad_tfidf_tema_v3,Scopus,Wang Y.; Kang X.; He Z.; Feng Y.; Liu G.,"Wang, Y. (57375336600); Kang, X. (57056967700); He, Z. (58113823900); Feng, Y. (57220074464); Liu, G. (57374481500)",Accurate detection of dairy cow mastitis with deep learning technology: a new and comprehensive detection method based on infrared thermal images,2022,10.1016/j.animal.2022.100646,"Mastitis is one of the most common diseases in dairy cows and has a negative impact on their welfare and life, causing significant economic losses to the dairy industry. Many attempts have been made to develop a detection method for mastitis using thermal infrared thermography. However, the use of this detection technique to determine the health of the cow's udder is susceptible to external factors, resulting in inaccurate detection of dairy cow mastitis. Therefore, this study explored a new and comprehensive detection method of dairy cow mastitis based on infrared thermal images. This method combined the left and right udder skin surface temperature (USST) difference detection method with the ocular surface temperature and USST difference detection method with improvements. The effect of external factors on dairy cow USST was effectively reduced. In addition, after comparing different target localisation algorithms, this paper used the You Only Look Once v5 (YOLOv5) deep learning network model to obtain the temperature information of eyes and udders, and mastitis detection of dairy cows was performed. A total of 105 dairy cows passing through a passage were randomly selected from the thermal infrared video and detected by the new and comprehensive detection method, and the results of cow mastitis detection were compared with somatic cell count. The results showed that the accuracy, specificity, and sensitivity of mastitis detection were 87.62, 84.62, and 96.30%, respectively. Using the YOLOv5 deep learning network model to locate the key parts of the cow had a good effect, with an average accuracy of 96.1%, and an average frame rate of 116.3f/s. The detection accuracy of dairy cow mastitis by deep learning technology combined with the detection method in this paper reached 85.71%. The results showed that the new and comprehensive detection method based on infrared thermal images can be used for the detection of dairy cow mastitis with high detection accuracy. This method can reduce the influence of external factors and can be integrated into the automatic identification system of dairy mastitis based on YOLOv5 to realise on-site monitoring of dairy mastitis. © 2022 The Authors",36183435,Article,All Open Access; Gold Open Access; Green Open Access,Elsevier B.V.,57375336600; 57056967700; 58113823900; 57220074464; 57374481500,https://www.scopus.com/pages/publications/85138990601?origin=resultslist,"National Key Research and Development Program of China, NKRDPC, (2021YFD1300502); National Key Research and Development Program of China, NKRDPC",Scopus,2-s2.0-85138990601,,,,,,,,,,,,,,,,,,,,,,,,,,,,,,,,,,,,,,,,,,,,,,,,,,,,,,,,,,,,,,,,,,,,,,,1,
Sin mención explícita de termografía o imagen térmica/infrarroja,BB-0331,331,Hyperspectral dark-field microscopy of human breast lumpectomy samples for tumor margin detection in breast-conserving surgery,49.0,Baja,★,"No se detectan en título, resumen o palabras clave: termografía. Mayor afinidad calculada: O3.",O3,8.8,31.1,36.4,18.5,Sí,Sí,No,Sí,Sí,"classification, breast","within, data, classification, breast","identify, approaches, including, classification, breast","validation, performance, classification, breast",prioridad_tfidf_tema_v3,Scopus,"Hwang J.; Cheney P.; Kanick S.C.; Le H.N.D.; McClatchy D.M., II; Zhang H.; Liu N.; John Lu Z.-Q.; Cho T.J.; Briggman K.; Allen D.W.; Wells W.A.; Pogue B.W.","Hwang, Jeeseong (7403897134); Cheney, Philip (59265951500); Kanick, Stephen C. (8407735000); Le, Hanh N. D. (59098020900); McClatchy, David M. (55548162700); Zhang, Helen (59871258100); Liu, Nian (58187806400); John Lu, Zhan-Qian (57210295954); Cho, Tae Joon (55428751400); Briggman, Kimberly (6602301155); Allen, David W. (51460981700); Wells, Wendy A. (35494680600); Pogue, Brian W. (7005432217)",Hyperspectral dark-field microscopy of human breast lumpectomy samples for tumor margin detection in breast-conserving surgery,2024,10.1117/1.JBO.29.9.093503,"Significance: Hyperspectral dark-field microscopy (HSDFM) and data cube analysis algorithms demonstrate successful detection and classification of various tissue types, including carcinoma regions in human post-lumpectomy breast tissues excised during breast-conserving surgeries. Aim: We expand the application of HSDFM to the classification of tissue types and tumor subtypes in pre-histopathology human breast lumpectomy samples. Approach: Breast tissues excised during breast-conserving surgeries were imaged by the HSDFM and analyzed. The performance of the HSDFM is evaluated by comparing the backscattering intensity spectra of polystyrene microbead solutions with the Monte Carlo simulation of the experimental data. For classification algorithms, two analysis approaches, a supervised technique based on the spectral angle mapper (SAM) algorithm and an unsupervised technique based on the K-means algorithm are applied to classify various tissue types including carcinoma subtypes. In the supervised technique, the SAM algorithm with manually extracted endmembers guided by H & E annotations is used as reference spectra, allowing for segmentation maps with classified tissue types including carcinoma subtypes. Results: The manually extracted endmembers of known tissue types and their corresponding threshold spectral correlation angles for classification make a good reference library that validates endmembers computed by the unsupervised K-means algorithm. The unsupervised K-means algorithm, with no a priori information, produces abundance maps with dominant endmembers of various tissue types, including carcinoma subtypes of invasive ductal carcinoma and invasive mucinous carcinoma. The two carcinomas' unique endmembers produced by the two methods agree with each other within <2% residual error margin. Conclusions: Our report demonstrates a robust procedure for the validation of an unsupervised algorithm with the essential set of parameters based on the ground truth, histopathological information. We have demonstrated that a trained library of the histopathology-guided endmembers and associated threshold spectral correlation angles computed against well-defined reference data cubes serve such parameters. Two classification algorithms, supervised and unsupervised algorithms, are employed to identify regions with carcinoma subtypes of invasive ductal carcinoma and invasive mucinous carcinoma present in the tissues. The two carcinomas' unique endmembers used by the two methods agree to <2% residual error margin. This library of high quality and collected under an environment with no ambient background may be instrumental to develop or validate more advanced unsupervised data cube analysis algorithms, such as effective neural networks for efficient subtype classification. © 2024 The Authors. Published by SPIE under a Creative Commons Attribution 4.0 International License. Distribution or reproduction of this work in whole or in part requires full attribution of the original publication, including its DOI.",38715717,Article,All Open Access; Gold Open Access; Green Open Access,SPIE,7403897134; 59265951500; 8407735000; 59098020900; 55548162700; 59871258100; 58187806400; 57210295954; 55428751400; 6602301155; 51460981700; 35494680600; 7005432217,https://www.scopus.com/pages/publications/85192620968?origin=resultslist,"National Science Foundation, NSF; National Institute of Standards and Technology, NIST; National Research Council, NRC; National Cancer Institute, NCI; Trustees of Dartmouth College; National Institutes of Health, NIH, (F31CA196308); National Institutes of Health, NIH; College of Pharmacy and Health Sciences, Lipscomb University, CPHS, (Study00028312); College of Pharmacy and Health Sciences, Lipscomb University, CPHS; Office of Human Research Protection, (FWA00003095)",Scopus,2-s2.0-85192620968,,,,,,,,,,,,,,,,,,,,,,,,,,,,,,,,,,,,,,,,,,,,,,,,,,,,,,,,,,,,,,,,,,,,,,,1,
Sin mención explícita de termografía o imagen térmica/infrarroja,BB-0332,332,"The expression and role of the Lem-D proteins Ankle2, Emerin, Lemd2, and TMPO in triple-negative breast cancer cell growth",49.0,Baja,★,"No se detectan en título, resumen o palabras clave: termografía. Mayor afinidad calculada: O1.",O1,19.8,11.3,15.3,7.1,Sí,Sí,No,Sí,Sí,"publicly, classification, cancer, breast","data, classification, cancer, breast","including, classification, cancer, breast","classification, cancer, breast",prioridad_tfidf_tema_v3,Scopus,Rose M.; Burgess J.T.; Cheong C.M.; Adams M.N.; Shahrouzi P.; O’Byrne K.J.; Richard D.J.; Bolderson E.,"Rose, Maddison (57218502542); Burgess, Joshua T. (57190868723); Cheong, Chee Man (57222764611); Adams, Mark N. (24471532100); Shahrouzi, Parastoo (57204394282); O’Byrne, Kenneth J. (35079153500); Richard, Derek J. (7102203579); Bolderson, Emma (6507203104)","The expression and role of the Lem-D proteins Ankle2, Emerin, Lemd2, and TMPO in triple-negative breast cancer cell growth",2024,10.3389/fonc.2024.1222698,"Background: Triple-negative breast cancer (TNBC) is a sub-classification of breast carcinomas, which leads to poor survival outcomes for patients. TNBCs do not possess the hormone receptors that are frequently targeted as a therapeutic in other cancer subtypes and, therefore, chemotherapy remains the standard treatment for TNBC. Nuclear envelope proteins are frequently dysregulated in cancer cells, supporting their potential as novel cancer therapy targets. The Lem-domain (Lem-D) (LAP2, Emerin, MAN1 domain, and Lem-D) proteins are a family of inner nuclear membrane proteins, which share a ~45-residue Lem-D. The Lem-D proteins, including Ankle2, Lemd2, TMPO, and Emerin, have been shown to be associated with many of the hallmarks of cancer. This study aimed to define the association between the Lem-D proteins and TNBC and determine whether these proteins could be promising therapeutic targets. Methods: GENT2, TCGA, and KM plotter were utilized to investigate the expression and prognostic implications of several Lem-D proteins: Ankle2, TMPO, Emerin, and Lemd2 in publicly available breast cancer patient data. Immunoblotting and immunofluorescent analysis of immortalized non-cancerous breast cells and a panel of TNBC cells were utilized to establish whether protein expression of the Lem-D proteins was significantly altered in TNBC. SiRNA was used to decrease individual Lem-D protein expression, and functional assays, including proliferation assays and apoptosis assays, were conducted. Results: The Lem-D proteins were generally overexpressed in TNBC patient samples at the mRNA level and showed variable expression at the protein level in TNBC cell lysates. Similarly, protein levels were generally negatively correlated with patient survival outcomes. siRNA-mediated depletion of the individual Lem-D proteins in TNBC cells induced aberrant nuclear morphology, decreased proliferation, and induced cell death. However, minimal effects on nuclear morphology or cell viability were observed following Lem-D depletion in non-cancerous MCF10A cells. Conclusion: There is evidence to suggest that Ankle2, TMPO, Emerin, and Lemd2 expressions are correlated with breast cancer patient outcomes, but larger patient sample numbers are required to confirm this. siRNA-mediated depletion of these proteins was shown to specifically impair TNBC cell growth, suggesting that the Lem-D proteins may be a specific anti-cancer target. Copyright © 2024 Rose, Burgess, Cheong, Adams, Shahrouzi, O’Byrne, Richard and Bolderson.",,Article,All Open Access; Gold Open Access; Green Open Access,Frontiers Media SA,57218502542; 57190868723; 57222764611; 24471532100; 57204394282; 35079153500; 7102203579; 6507203104,https://www.scopus.com/pages/publications/85192393685?origin=resultslist,"Queensland University of Technology, QUT",Scopus,2-s2.0-85192393685,,,,,,,,,,,,,,,,,,,,,,,,,,,,,,,,,,,,,,,,,,,,,,,,,,,,,,,,,,,,,,,,,,,,,,,1,
Título referido a mama animal u otro contexto veterinario,BB-0337,337,Detection of Dairy Cow Mastitis From Thermal Images by Data Enhancement and Improved ResNet34; [融合数据增强与改进ResNet34的奶牛热红外图像乳腺炎检测],49.0,Baja,★,El título no identifica cáncer de mama como tema central; la mención en el resumen puede ser secundaria. Mayor afinidad calculada: O2.,O2,23.4,49.0,42.2,22.0,Sí,No,Sí,Sí,Sí,"infrared, classification, images, breast","according, data, infrared, image, classification, images, breast","training, infrared, classification, images, learning, breast","infrared, classification, images, breast",prioridad_tfidf_tema_v3,Scopus; Web of Science,Zhang Q.; Yang Y.; Liu G.; Wu X.; Ning Y.-L.,"Zhang, Qian (59857669600); Yang, Ying (57192546717); Liu, Gang (57374481500); Wu, Xiao (58080046000); Ning, Yuan-Lin (58080046100)",Detection of Dairy Cow Mastitis From Thermal Images by Data Enhancement and Improved ResNet34; [融合数据增强与改进ResNet34的奶牛热红外图像乳腺炎检测],2023,10.3964/j.issn.1000-0593(2023)01-0280-09,"Mastitis is one of the most serious diseases in dairy production and breeding. The early detection of cow mastitis can provide the basis for follow-up treatment to improve the efficiency of disease treatment and reduce the risk of breeding. In order to realize fast and high-precision ""one-step"" mastitis disease detection for naturally walking dairy cows, a dairy cow mastitis disease detection method based on the thermal infrared image, data enhancement and improved ResNet34 is proposed in this paper. Compared with the existing ""multi-step"" dairy cow infrared image mastitis detection method, this method does not need the positioning of key parts of dairy cows, such as breast and eyes and temperature extraction, which can effectively avoid the error accumulation caused by ""multi-step"", to achieve more efficient mastitis detection. Firstly, this method horizontally splices the local pictures containing the key parts of the cow into an overall picture with complete information and expands the training samples combined with the RandAugment data enhancement method; Secondly, the ResNet34 residual network is used as the basic network of the experiment, and the model is improved as follows according to the characteristics of thermal infrared image: (1) simplify the redundant internal layer of the network to make the model lighter; (2) Auxiliary classifiersare added in the middle layer to make up for the feature loss caused by model simplification; (3) The improved multi fusion pool layer is used to replace the original single pool layer, which makes the content of feature extraction richer. Finally, 3 298 thermal infrared images (66 cows) were randomly selected as the experimental objects, and multiple groups of comparative experiments were set. The results showed that compared with the traditional ResNet34, the classification accuracy of the improved ResNet34 model was improved by 3.4%, the model verification accuracy based on the improved ResNet34 combined with transfer learning and data enhancement was 90.3%, the test accuracy was 88.4%, and the classification time was only 3.39×10-3 seconds. In addition, to ensure theindependence of the experimental data set, this paper further divides it into the training set, verification set and test set according to the number of dairy cows in 3∶1∶1. The test accuracy of the model was 80.3%, which proves that the proposed model has good robustness. According to the test results, it is calculated that the precision rate, recall rate and F1 score of the model are 91.2%, 91.6% and 91.4%. Compared with previous experiments, the accuracy is improved by 5.1% and the specificity is improved by 5.3%. In conclusion, this research method can provide a reference for screening and medical diagnosis of breast diseases in early dairy cows. © 2023 Science Press. All rights reserved.",,Article,,Science Press,59857669600; 57192546717; 57374481500; 58080046000; 58080046100,https://www.scopus.com/pages/publications/85146942414?origin=resultslist,,Scopus,2-s2.0-85146942414,J,,,,,,SPECTROSCOPY AND SPECTRAL ANALYSIS,,,,,,,,,Transfer learning; ResNet34; Data enhancement; Thermal infrared image; Detection of mastitis in dairy cows,INFRARED THERMOGRAPHY; SURFACE-TEMPERATURE; UDDER SURFACE,"[Zhang Qian; Yang Ying; Liu Gang; Wu Xiao; Ning Yuan-lin] China Agr Univ, Coll Informat & Elect Engn, Beijing 100083, Peoples R China; [Liu Gang] Minist Educ, Key Lab Modern Precis Agr Syst Integrat Res, Beijing 100083, Peoples R China; [Liu Gang] Minist Agr, Key Lab Agr Informat Acquisit Technol, Beijing 100083, Peoples R China",,"Yang, Y (corresponding author), China Agr Univ, Coll Informat & Elect Engn, Beijing 100083, Peoples R China.",1575430884@qq.com; hbxtyy@126.com,,,,,,,,,,,,,,1000-0593,,,,,JAN,43,1,,,,,280,288,,0,,,,,,Spectroscopy,9B7OS,,,,WOS:000934923800043,0,"Zhang, Q; Yang, Y; Liu, G; Wu, X; Ning, YL",Zhang Qian; Yang Ying; Liu Gang; Wu Xiao; Ning Yuan-lin,Detection of Dairy Cow Mastitis From Thermal Images by Data Enhancement and Improved ResNet34,2023,10.3964/j.issn.1000-0593(2023)01-0280-09,"Mastitis is one of the most serious diseases in dairy production and breeding. The early detection of cow mastitis can provide the basis for follow-up treatment to improve the efficiency of disease treatment and reduce the risk of breeding. In order to realize fast and high-precision one-step mastitis disease detection for naturally walking dairy cows, a dairy cow mastitis disease detection method based on the thermal infrared image, data enhancement and improved ResNet34 is proposed in this paper. Compared with the existing multi-step dairy cow infrared image mastitis detection method, this method does not need the positioning of key parts of dairy cows, such as breast and eyes and temperature extraction, which can effectively avoid the error accumulation caused by multi-step, to achieve more efficient mastitis detection. Firstly, this method horizontally splices the local pictures containing the key parts of the cow into an overall picture with complete information and expands the training samples combined with the RandAugment data enhancement method; Secondly, the ResNet34 residual network is used as the basic network of the experiment, and the model is improved as follows according to the characteristics of thermal infrared image: (1) simplify the redundant internal layer of the network to make the model lighter; (2) Auxiliary classifiersare added in the middle layer to make up for the feature loss caused by model simplification; (3) The improved multi fusion pool layer is used to replace the original single pool layer, which makes the content of feature extraction richer. Finally, 3 298 thermal infrared images (66 cows) were randomly selected as the experimental objects, and multiple groups of comparative experiments were set. The results showed that compared with the traditional ResNet34, the classification accuracy of the improved ResNet34 model was improved by 3. the model verification accuracy based on the improved ResNet34 combined with transfer learning and data enhancement was 90. 3%, the test accuracy was 88. 4%, and the classification time was only 3. 39 X 10 (3) seconds. In addition, to ensure theindependence of the experimental data set, this paper further divides it into the training set, verification set and test set according to the number of dairy cows in 3 1 1. The test accuracy of the model was 80. 3 Yo, which proves that the proposed model has good robustness. According to the test results, it is calculated that the precision rate, recall rate and Fl score of the model are 91. 91. 6% and 91. 4%. Compared with previous experiments, the accuracy is improved by 5. 1 Yo and the specificity is improved by 5. 3%. In conclusion, this research method can provide a reference for screening and medical diagnosis of breast diseases in early dairy cows.",Article,,2,
Sin mención explícita de termografía o imagen térmica/infrarroja,BB-0357,357,Breast cancer diagnosis with MFF-HistoNet: a multi-modal feature fusion network integrating CNNs and quantum tensor networks,49.0,Baja,★,"No se detectan en título, resumen o palabras clave: termografía. Mayor afinidad calculada: O4.",O4,27.4,19.3,27.3,29.6,Sí,Sí,No,Sí,Sí,"publicly, images, cancer, breast","data, image, images, cancer, breast","training, including, models, images, cancer, breast","limitations, performance, images, cancer, breast",prioridad_tfidf_tema_v3,Scopus,Mahmood T.; Saba T.; Rehman A.,"Mahmood, Tariq (57208210697); Saba, Tanzila (36110026100); Rehman, Amjad (35093155800)",Breast cancer diagnosis with MFF-HistoNet: a multi-modal feature fusion network integrating CNNs and quantum tensor networks,2025,10.1186/s40537-025-01114-9,"Prompt diagnosis of breast malignancy is crucial for treatment and patient survival. Computer-aided diagnosis (CAD) technology can improve efficiency, accuracy, and treatment options. The existing algorithms for classifying breast cancer histopathological images have limitations, including high parameter counts, ineffective extraction of global features, and substantial time costs, which result in the loss of valuable information. This study proposes a robust Multi-Modal Feature Fusion Network for Histopathology (MFF-HistoNet) to address the multi-grading challenges of breast image and significantly boost diagnostic accuracy. MFF-HistoNet combines a CNN and a Quantum Tensor Network (QTN), which reduces model parameters through parameter compression, enabling deeper global features. The data enhancement method ensures a balanced training set and minimizes color interference. The GLCM method is fused with LBP and Gabor filtering to obtain local cell shape characteristics of histopathological images in space and different scales and directions. Leveraging the BreaKHis dataset, MFF-HistoNet differentiates between eight breast cancer subtypes and reduces model complexity while preserving the ability to capture vital spatial relationships, thus enhancing computational efficiency. The MFF-HistoNet algorithms reveal the benchmark performance, achieving impressive accuracy of 98.8% at the image level and 98.4% at the patient level under 100 × magnification and 98.1% and 98.9% under 40 × magnification, outperforming existing models and reducing resource requirements. The Grad-CAM method proves the fusion model's reliability and interoperability, showing its firm resolution and good performance. The proposed model codes are publicly available at: https://github.com/tmsherazi/MFF-HistoNet with DOI: https://doi.org/10.5281/zenodo.14808037. © The Author(s) 2025.",,Article,All Open Access; Gold Open Access; Green Open Access,Springer Nature,57208210697; 36110026100; 35093155800,https://www.scopus.com/pages/publications/86000304142?origin=resultslist,,Scopus,2-s2.0-86000304142,,,,,,,,,,,,,,,,,,,,,,,,,,,,,,,,,,,,,,,,,,,,,,,,,,,,,,,,,,,,,,,,,,,,,,,1,
Sin mención explícita de termografía o imagen térmica/infrarroja,BB-0362,362,Application of Physics Informed Neural Network for Breast Cancer Detection,49.0,Baja,★,"No se detectan en título, resumen o palabras clave: termografía. Mayor afinidad calculada: O2.",O2,28.7,41.4,13.5,3.6,Sí,Sí,No,Sí,Sí,"conditions, breast","within, breast","approaches, breast",breast,prioridad_tfidf_tema_v3,Scopus,Zhao M.Y.; Mukhmetov O.; Mashekova A.; Kwee Ng E.Y.; Aidossov N.; Zarikas V.; Midlenko A.,"Zhao, Michael Yong (38863693300); Mukhmetov, Olzhas (57204353949); Mashekova, Aigerim (57221738762); Kwee Ng, Eddie Yin (59325741100); Aidossov, Nurduman (58045513900); Zarikas, Vasilios (6505951499); Midlenko, Anna (57219709691)",Application of Physics Informed Neural Network for Breast Cancer Detection,2024,10.1109/CACRE62362.2024.10635033,"This work introduces advanced Physics Informed Neural Networks (PINNs) algorithms to model temperature distributions within the 2D breast model. It also proposes an enhanced prediction strategy employing PINNs for the computation of partial differential equations (PDE) featuring intricate initial and boundary conditions. Under the circumstances of fast progress of physics informed neural networks, benchmark analysis of PINN and FEM was run. Through the simulation of temperature distribution in breast tissues, the identification of potential abnormal areas and the indication of tumors have been achieved. The accuracy of the PINN methods, presented in this study, was validated by Finite Element Analysis (FEA), demonstrating good agreement of the two approaches within the range of free parameters for estimating temperature distributions on the skin surface of an actual breast model. This comparison validates the PINN approach and affirms its precision. © 2024 IEEE.",,Conference paper,,Institute of Electrical and Electronics Engineers Inc.,38863693300; 57204353949; 57221738762; 59325741100; 58045513900; 6505951499; 57219709691,https://www.scopus.com/pages/publications/85203836617?origin=resultslist,"Ministry of Education and Science of the Republic of Kazakhstan, (AP19678197); Ministry of Education and Science of the Republic of Kazakhstan",Scopus,2-s2.0-85203836617,,,,,,,,,,,,,,,,,,,,,,,,,,,,,,,,,,,,,,,,,,,,,,,,,,,,,,,,,,,,,,,,,,,,,,,1,
Sin mención de mama,BB-0371,371,Mirror: Embedded AI Mirror for Thermal Tumor Screening and Remote Monitoring,49.0,Baja,★,"No se detectan en título, resumen o palabras clave: mama. Mayor afinidad calculada: O1.",O1,42.2,32.0,38.5,25.8,No,Sí,Sí,Sí,Sí,"publicly, conditions, infrared, classification","within, data, infrared, image, classification","training, including, models, infrared, classification, learning","metrics, performance, infrared, classification",prioridad_tfidf_tema_v3,Scopus,Habti W.E.L.; Azmani A.; Aaraj J.E.L.; Mechita M.B.,"Habti, Wissal E. L. (59760226600); Azmani, Abdellah (56287238800); Aaraj, Jabir E. L. (60189071300); Mechita, Mohcine Bennani (57191633515)",Mirror: Embedded AI Mirror for Thermal Tumor Screening and Remote Monitoring,2025,10.11159/icbes25.146,"This paper presents mIRror, a modular intelligent mirror system designed to support autonomous tumor screening through thermal imaging in both clinical and remote settings. The system integrates embedded long-wave infrared (LWIR) sensing, real-time thermal preprocessing, lightweight convolutional neural inference, and onboard result visualization within a compact edge device. Its design addresses key challenges in accessibility, repeatability, and privacy, offering an alternative to conventional imaging methods in low-resource or decentralized environments. The clinical workflow is structured around standardized thermal acquisition protocols that ensure consistent patient positioning, controlled environmental conditions, and reproducible image capture. The processing chain encompasses thermal calibration, region-of-interest segmentation, and real-time classification executed locally on embedded hardware. This configuration enables low-latency inference without reliance on external servers, preserving data confidentiality and supporting future scalability. To validate the system’s diagnostic module, six lightweight convolutional models—including MobileNetV2, MobileNetV3 (Small and Large), EfficientNetB0, EfficientNetV2B0, and NASNetMobile—were trained and evaluated using the publicly available DMR-IR dataset. Models were assessed using AUC-ROC, precision-recall metrics, and statistical significance testing via the Friedman test and Nemenyi post-hoc analysis. MobileNetV3-Large demonstrated superior performance (AUC = 0.99) with consistent interpretability through Smooth Grad-CAM++ visualizations. While hardware prototyping is ongoing, these results provide a proof-of-concept for mIRror’s embedded diagnostic capabilities. The modular architecture is designed to support future extensions, including federated learning for secure collaborative training and digital twin integration for individualized monitoring. Together, these components position mIRror as a scalable platform for AI-assisted thermal diagnostics. © 2025, Avestia Publishing. All rights reserved.",,Conference paper,All Open Access; Bronze Open Access,Avestia Publishing,59760226600; 56287238800; 60189071300; 57191633515,https://www.scopus.com/pages/publications/105021423836?origin=resultslist,"Centre National pour la Recherche Scientifique et Technique, CNRST",Scopus,2-s2.0-105021423836,,,,,,,,,,,,,,,,,,,,,,,,,,,,,,,,,,,,,,,,,,,,,,,,,,,,,,,,,,,,,,,,,,,,,,,1,
Sin mención explícita de termografía o imagen térmica/infrarroja,BB-0385,385,The role of artificial intelligence in enhancing breast cancer screening and diagnosis: A review of current advances,49.0,Baja,★,"El título indica un artículo de revisión; puede servir como contexto, pero no como estudio primario. Mayor afinidad calculada: O2.",O2,29.9,46.5,29.0,7.3,Sí,Sí,No,Sí,Sí,"access, cancer, breast","workflows, image, cancer, breast","approaches, machine, deep, learning, cancer, breast","cancer, breast",prioridad_tfidf_tema_v3,Scopus,Firuzpour F.; Heydari M.; Aram C.; Alishvandi A.,"Firuzpour, Faezeh (58861138300); Heydari, MohammadAli (59273211700); Aram, Cena (58644266000); Alishvandi, Ali (59524467400)",The role of artificial intelligence in enhancing breast cancer screening and diagnosis: A review of current advances,2025,10.34172/bi.30984,"Breast cancer (BCA) remains the most prevalent cancer globally and the leading cause of cancer-related mortality among women, with rising incidence rates driven by genetic, lifestyle, and environmental factors. Early detection through precise screening is essential to improve prognosis and survival; yet, challenges persist, especially in resource-limited areas. Recent advances in Artificial Intelligence (AI), particularly machine learning and deep learning algorithms, have illustrated significant potential to enhance breast cancer screening, diagnosis, and treatment personalization. This review highlights the multifaceted role of AI in BCA management, encompassing its applications in image-based screening modalities, genomic and immunologic profiling, and drug discovery. AI-driven approaches offer diagnostic accuracy, cost-effectiveness, time-saving, and individualized treatment regimens. Despite promising developments, further research is crucial to overcome current challenges and regulatory hurdles in clinical settings. This article highlights the positive aspects of AI technologies in advancing BCA care and the importance of continued interdisciplinary research to optimize their implementations in breast cancer workflows. © 2025 The Author(s). This work is published by BioImpacts as an open access article distributed under the terms of the Creative Commons Attribution Non-Commercial License (http://creativecommons.org/licenses/by-nc/4.0/). Non-commercial uses of the work are permitted, provided the original work is properly cited.",,Article,All Open Access; Gold Open Access; Green Open Access,Tabriz University of Medical Sciences,58861138300; 59273211700; 58644266000; 59524467400,https://www.scopus.com/pages/publications/105030677406?origin=resultslist,,Scopus,2-s2.0-105030677406,,,,,,,,,,,,,,,,,,,,,,,,,,,,,,,,,,,,,,,,,,,,,,,,,,,,,,,,,,,,,,,,,,,,,,,1,
Sin mención explícita de termografía o imagen térmica/infrarroja,BB-0391,391,Comprehensive analysis of mitophagy-related genes reveals prognostic signatures in breast cancer: based on immune landscapes and treatment target predict,40.2,Baja,★,"No se detectan en título, resumen o palabras clave: termografía, IA/modelos. Mayor afinidad calculada: O3.",O3,2.9,8.2,12.7,8.6,Sí,Sí,No,No,Sí,"cancer, breast","data, cancer, breast","identify, including, cancer, breast","validation, cancer, breast",prioridad_tfidf_tema_v3,Scopus,Zhao H.; Zhang W.; Du Y.; Kuang Z.; Tan Y.; Chen Y.; Ma Y.; Zou F.,"Zhao, Hejia (57924874500); Zhang, Wanying (60412810100); Du, Yiheng (60412704800); Kuang, Zheng (60355056300); Tan, Yilan (60171174800); Chen, Yanjun (59130897800); Ma, Yujie (57881220100); Zou, Fei (7005632640)",Comprehensive analysis of mitophagy-related genes reveals prognostic signatures in breast cancer: based on immune landscapes and treatment target predict,2026,10.3389/fimmu.2026.1740830,"Background: Breast cancer (BC) is a common malignant tumor with high incidence and mortality rates. Mitophagy refers to a selective form of autophagy that is believed to be closely related to the occurrence and progression of BC. Identifying the mitophagy-related sites associated with BC can help us gain a deeper understanding of the underlying mechanisms of BC, laying the foundation for early diagnosis and effective treatment of BC. Method: RNA-seq expression data of BC were obtained from the GEO and TCGA databases. Differentially expressed genes were intersected with mitophagy-related genes from GeneCards to identify BC-associated mitophagy genes. Prognostic biomarkers were screened using Kaplan–Meier (K–M) survival and ROC analyses. Based on mitophagy-related gene expression and survival data, BC patients were classified into high- and low-risk subgroups for immune infiltration and GSEA analyses. Finally, IHC data from the HPA database and in vitro experiments, including siRNA-mediated knockdown, Western blot, CCK-8 proliferation assay, confocal microscopy and drug prediction were performed to validate the expression and biological functions of candidate biomarkers PBK and NEK2. Result: Through dual validation of K-M survival analysis and ROC diagnosis-treatment efficacy analysis, we ultimately identified 9 mitophagy-related prognostic biomarkers for BC, and found their expression was significantly upregulated in BC tissues. In addition, the results showed that the degree of immune infiltration in the low-risk subgroup was considered higher than that in the high-risk subgroup. Inhibition of PBK and NEK2 will have an inhibitory effect on the proliferation of BC cell. Furthermore, clinicopathological analyses confirmed a genuinely higher risk in the high-risk subgroup, with PBK and NEK2 independently associated with risk stratification. Conclusion: This study elucidated the prognostic value, immune microenvironment characteristics, and molecular mechanisms of mitophagy in BC, and identified nine mitophagy-related biomarkers. Among them, PBK and NEK2 were experimentally confirmed to promote tumor cell proliferation, providing novel insights for early diagnosis and therapeutic strategies in breast cancer. Copyright © 2026 Zhao, Zhang, Du, Kuang, Tan, Chen, Ma and Zou.",41727445,Article,All Open Access; Gold Open Access; Green Open Access,Frontiers Media SA,57924874500; 60412810100; 60412704800; 60355056300; 60171174800; 59130897800; 57881220100; 7005632640,https://www.scopus.com/pages/publications/105030895204?origin=resultslist,,Scopus,2-s2.0-105030895204,,,,,,,,,,,,,,,,,,,,,,,,,,,,,,,,,,,,,,,,,,,,,,,,,,,,,,,,,,,,,,,,,,,,,,,1,
Sin mención explícita de termografía o imagen térmica/infrarroja,BB-0394,394,Addressing Misinformation About the Canadian Breast Screening Guidelines,49.0,Baja,★,"No se detectan en título, resumen o palabras clave: termografía. Mayor afinidad calculada: O3.",O3,5.5,5.1,29.6,5.2,Sí,Sí,No,Sí,Sí,"cancer, breast","cancer, breast","identify, including, cancer, breast","cancer, breast",prioridad_tfidf_tema_v3,Scopus,Yong-Hing C.J.; Gordon P.B.; Appavoo S.; Fitzgerald S.R.; Seely J.M.,"Yong-Hing, Charlotte J. (8566397700); Gordon, Paula B (7202833331); Appavoo, Shushiela (57203139512); Fitzgerald, Sabrina R. (57895860400); Seely, Jean M. (7102476227)",Addressing Misinformation About the Canadian Breast Screening Guidelines,2023,10.1177/08465371221120798,"Screening mammography has been shown to reduce breast cancer mortality by 41% in screened women ages 40–69 years. There is misinformation about breast screening and the Canadian breast screening guidelines. This can decrease confidence in screening mammography and can lead to suboptimal recommendations. We review some of this misinformation to help radiologists and referring physicians navigate the varied international and provincial guidelines. We address the ages to start and stop breast screening. We explore how these recommendations may vary for specific populations such as patients who are at increased risk, transgender patients and minorities. We identify who would benefit from supplemental screening and review the available supplemental screening modalities including ultrasound, MRI, contrast-enhanced mammography and others. We describe emerging technologies including the potential use of artificial intelligence for breast screening. We provide background on why screening policies vary across the country between provinces and territories. This review is intended to help radiologists and referring physicians understand and navigate the varied international and provincial recommendations and guidelines and make the best recommendations for their patients. © The Author(s) 2022.",36048585,Review,All Open Access; Hybrid Gold Open Access,SAGE Publications Inc.,8566397700; 7202833331; 57203139512; 57895860400; 7102476227,https://www.scopus.com/pages/publications/85138230619?origin=resultslist,,Scopus,2-s2.0-85138230619,,,,,,,,,,,,,,,,,,,,,,,,,,,,,,,,,,,,,,,,,,,,,,,,,,,,,,,,,,,,,,,,,,,,,,,1,
Sin mención explícita de termografía o imagen térmica/infrarroja,BB-0397,397,Near-Infrared Multispectral Imaging Rigid Endoscope System for High-Speed Target Identification Using LED Rotating Light Source,49.0,Baja,★,El título no identifica cáncer de mama como tema central; la mención en el resumen puede ser secundaria. Mayor afinidad calculada: O2.,O2,36.2,49.0,23.5,37.7,Sí,No,Sí,Sí,Sí,"attention, infrared, classification, images, breast","within, data, infrared, classification, images, breast","infrared, deep, classification, images, breast","limitations, performance, infrared, classification, images, breast",prioridad_tfidf_tema_v3,Scopus,Hayashi S.; Takamatsu T.; Kakuta N.; Arakaki S.; Okamoto N.; Takemura H.,"Hayashi, Seiya (59659346300); Takamatsu, Toshihiro (55503362900); Kakuta, Naoto (59659910800); Arakaki, Shintaro (59659158900); Okamoto, Nariaki (57219048225); Takemura, Hiroshi (35305948000)",Near-Infrared Multispectral Imaging Rigid Endoscope System for High-Speed Target Identification Using LED Rotating Light Source,2025,10.14326/abe.14.79,"Near-infrared multispectral imaging (NIR-MSI) has attracted attention in the surgical field owing to its ability to penetrate tissues and analyze molecular vibrations with high spatial resolution, thus enabling the identification of deep or similarly colored tissues. However, conventional devices have limitations such as non-portability and long imaging times, rendering the surgical use of NIR-MSI challenging. This study developed a prototype NIR-MSI rigid endoscope system that can perform high-speed imaging and tissue classification. This system was constructed using a custom-made rigid endoscope that can relay NIR images, an InGaAs camera, and a lighting device containing nine high-power LEDs within the range of 940–1,535 nm. The developed device enables continuous processing of light irradiation, data acquisition, neural network analysis, and result display using customized software. The performance of the system was verified by testing tissue transparency and component classification. Tissue transparency test showed that text written on a letterboard could be recognized through a 5-mm thick layer of chicken breast meat. The system completed the imaging and neural network analysis of four color-matched transparent resins, which could not be distinguished readily under visible light, within 2 s, with an average accuracy of 96%. The proposed system may be applied for identifying deep or similarly colored tissues in the setting of non-invasive and real-time endoscopic surgery. © 2025 The Author(s).",,Article,All Open Access; Gold Open Access,Japan Soc. of Med. Electronics and Biol. Engineering,59659346300; 55503362900; 59659910800; 59659158900; 57219048225; 35305948000,https://www.scopus.com/pages/publications/85219080574?origin=resultslist,"Futaba Founda; Futaba Foundation; Japan Agency for Medical Research and Development, AMED, (23ym0126806j0002, 24he0422027j0002, A417TS); Japan Agency for Medical Research and Development, AMED",Scopus,2-s2.0-85219080574,,,,,,,,,,,,,,,,,,,,,,,,,,,,,,,,,,,,,,,,,,,,,,,,,,,,,,,,,,,,,,,,,,,,,,,1,
Sin mención explícita de termografía o imagen térmica/infrarroja,BB-0409,409,A direct learning approach for detection of hotspots in microwave hyperthermia treatments,49.0,Baja,★,El título no identifica cáncer de mama como tema central; la mención en el resumen puede ser secundaria. Mayor afinidad calculada: O2.,O2,2.1,26.0,15.8,2.0,Sí,No,Sí,Sí,Sí,breast,"data, image, breast","deep, learning, breast",breast,prioridad_tfidf_tema_v3,Scopus,Onal H.; Girgin E.; Doğu S.; Yilmaz T.; Akinci M.N.,"Onal, Hulusi (57744837000); Girgin, Enes (57744836900); Doğu, Semih (57193342987); Yilmaz, Tuba (36560572800); Akinci, Mehmet Nuri (56247048100)",A direct learning approach for detection of hotspots in microwave hyperthermia treatments,2025,10.1007/s11517-025-03343-9,"Abstract: This paper presents a computational study for detecting whether the temperature values of the breast tissues are exceeding a threshold using deep learning (DL) during microwave hyperthermia (MH) treatments. The proposed model has a deep convolutional encoder-decoder architecture, which gets differential scattered field data as input and gives an image showing the cells exceeding the threshold. The data are generated by an in-house data generator, which mimics temperature distribution in the MH problem. The model is also tested with real temperature distribution obtained from electromagnetic-thermal simulations performed in commercial software. The results show that the model reaches an average accuracy score of 0.959 and 0.939 under 40 dB and 30 dB signal-to-noise ratio (SNR), respectively. The results are also compared with the Born iterative method (BIM), which is combined with some different conventional regularization methods. The results show that the proposed DL model outperforms the conventional methods and reveals the strong regularization capabilities of the data-driven methods for temperature monitoring applications. © The Author(s) 2025.",,Article,All Open Access; Green Open Access; Hybrid Gold Open Access,Springer Science and Business Media Deutschland GmbH,57744837000; 57744836900; 57193342987; 36560572800; 56247048100,https://www.scopus.com/pages/publications/105000073568?origin=resultslist,"Türkiye Bilimsel ve Teknolojik Araştırma Kurumu, TUBITAK",Scopus,2-s2.0-105000073568,,,,,,,,,,,,,,,,,,,,,,,,,,,,,,,,,,,,,,,,,,,,,,,,,,,,,,,,,,,,,,,,,,,,,,,1,
Sin mención de mama,BB-0427,427,Deep learning enhanced thermographic modeling for early and precise mastitis detection in Sahiwal cows,49.0,Baja,★,"No se detectan en título, resumen o palabras clave: mama. Mayor afinidad calculada: O3.",O3,6.0,11.5,40.0,22.8,No,No,Sí,Sí,Sí,"classification, images","image, classification, images","training, approaches, models, deep, classification, images, learning","validation, classification, images",prioridad_tfidf_tema_v3,Scopus,Gayathri S.L.; Bhakat M.; Mohanty T.K.; Kumar R.R.; Chaturvedi K.K.; Kumar S.,"Gayathri, S.L. (57216255948); Bhakat, M. (36118738300); Mohanty, T.K. (7003574214); Kumar, R.R. (59150017500); Chaturvedi, K.K. (55189410300); Kumar, S. (58164333800)",Deep learning enhanced thermographic modeling for early and precise mastitis detection in Sahiwal cows,2025,10.1016/j.rvsc.2025.105899,"Mastitis, a multifactorial production disease, poses a significant challenge to dairy farming, necessitating the adoption of integrated and precision-based diagnostic approaches. This study explores the potential of thermal imaging combined with deep learning to enhance mastitis detection in lactating dairy cows. In this study, thermal images of the udder region of Sahiwal cows were captured using a handheld thermal camera and analyzed to classify udder quarters as healthy, Sub-clinical Mastitis (SCM), and Clinical Mastitis (CM). The classification was based on California Mastitis Test (CMT) scores, Somatic Cell Count (SCC) values, and thermal image analysis. Further, Convolutional Neural Network (CNN) models were developed to distinguish between healthy udder quarters and those affected by CM or SCM. The CNN model differentiating healthy quarters from CM achieved training, validation, and testing accuracies of 99 %, with precision, recall, and F1-score all at 0.99. Similarly, the model distinguishing healthy quarters from SCM recorded training and validation accuracies of 89 % and 85 %, respectively, while testing results showed an accuracy of 84 %, a precision of 0.87, a recall of 0.79, and an F1-score of 0.83. These findings highlight the potential of CNN-based thermal imaging for accurate mastitis detection, contributing to advancements in precision dairy farming and livestock health management. © 2025 Elsevier Ltd",40972062,Article,,Elsevier B.V.,57216255948; 36118738300; 7003574214; 59150017500; 55189410300; 58164333800,https://www.scopus.com/pages/publications/105016354951?origin=resultslist,"ICAR-National Dairy Research Institute, Karnal, NDRI; ICAI-IASRI; Indian Council of Agricultural Research, ICAR, (ICT unit-3(5)/2021-ICT); Indian Council of Agricultural Research, ICAR",Scopus,2-s2.0-105016354951,,,,,,,,,,,,,,,,,,,,,,,,,,,,,,,,,,,,,,,,,,,,,,,,,,,,,,,,,,,,,,,,,,,,,,,1,
Título referido a mama animal u otro contexto veterinario,BB-0433,433,"Subclinical Mastitis in Lacaune Sheep: Etiologic Agents, the Effect on Milk Characteristics, and an Evaluation of Infrared Thermography and the YOLO Algorithm as a Preprocessing Tool for Advanced Analysis",49.0,Baja,★,"No se detectan en título, resumen o palabras clave: IA/modelos. Mayor afinidad calculada: O4.",O4,15.5,14.5,12.6,24.0,Sí,No,Sí,No,Sí,"infrared, images","infrared, images","infrared, images","evaluation, infrared, images",prioridad_tfidf_tema_v3,Scopus,Lysitsas M.; Botsoglou G.; Dimitriadis D.; Termatzidou S.; Kazana P.; Tsoumakas G.; Tsokana C.N.; Malissiova E.; Spyrou V.; Billinis C.; Valiakos G.,"Lysitsas, Marios (58289225500); Botsoglou, Georgios (58627819500); Dimitriadis, Dimitris (57206934762); Termatzidou, Sofia (57205344382); Kazana, Panagiota (57205339218); Tsoumakas, Grigorios (8088070600); Tsokana, Constantina N. (56160058000); Malissiova, Eleni (55221870300); Spyrou, Vassiliki (6506842034); Billinis, Charalambos (8611764000); Valiakos, George (52164628900)","Subclinical Mastitis in Lacaune Sheep: Etiologic Agents, the Effect on Milk Characteristics, and an Evaluation of Infrared Thermography and the YOLO Algorithm as a Preprocessing Tool for Advanced Analysis",2024,10.3390/vetsci11120676,"This study aimed to investigate the incidence of subclinical mastitis (SCM), the implicated pathogens, and their impact on milk quality in dairy sheep in Greece. Furthermore, we preliminarily evaluated infrared thermography and the application of AI tools for the early, non-invasive diagnosis of relevant cases. In total, 660 milk samples and over 2000 infrared thermography images were obtained from 330 phenotypically healthy ewes. Microbiological investigations, a somatic cell count (SCC), and milk chemical analyses were performed. Infrared images were analyzed using the FLIR Research Studio software (version 3.0.1). The You Only Look Once version 8 (YOLOv8) algorithm was employed for the automatic detection of the udder’s region of interest. A total of 157 mammary glands with SCM were identified in 122/330 ewes (37.0%). The most prevalent pathogen was staphylococci (136/160, 86.6%). Considerable resistance was detected to tetracycline (29.7%), ampicillin (28.6%), and sulfamethoxazole–trimethoprim (23.6%). SCM correlated with high total mesophilic count (TMC) values and decreased milk fat, lactose, and protein content. A statistically significant variation (p < 0.001) was identified in the unilateral SCM cases by evaluating the mean temperatures of the udder region between the teats in the thermal images. Finally, the YOLOv8 algorithm was employed for the automatic detection of the udder’s region of interest (ROI), achieving 84% accuracy in defining the ROI in this preliminary evaluation. This demonstrates the potential of infrared thermography combined with AI tools for the diagnosis of ovine SCM. Nonetheless, more extensive sampling is essential to optimize this diagnostic approach. © 2024 by the authors.",,Article,All Open Access; Gold Open Access; Green Open Access,Multidisciplinary Digital Publishing Institute (MDPI),58289225500; 58627819500; 57206934762; 57205344382; 57205339218; 8088070600; 56160058000; 55221870300; 6506842034; 8611764000; 52164628900,https://www.scopus.com/pages/publications/85213443050?origin=resultslist,"European Commission, EC, (M16SYN2-00202 THERMASHEEP-Application); European Commission, EC",Scopus,2-s2.0-85213443050,,,,,,,,,,,,,,,,,,,,,,,,,,,,,,,,,,,,,,,,,,,,,,,,,,,,,,,,,,,,,,,,,,,,,,,1,
Sin mención explícita de termografía o imagen térmica/infrarroja,BB-0442,442,Deep Learning in Breast Cancer Imaging: State of the Art and Recent Advancements in Early 2024,49.0,Baja,★,"No se detectan en título, resumen o palabras clave: termografía. Mayor afinidad calculada: O2.",O2,12.6,64.3,39.6,25.3,Sí,Sí,No,Sí,Sí,"images, cancer, breast","workflows, techniques, images, cancer, breast","approaches, models, deep, images, learning, cancer, breast","validation, images, cancer, breast",prioridad_tfidf_tema_v3,Scopus,Carriero A.; Groenhoff L.; Vologina E.; Basile P.; Albera M.,"Carriero, Alessandro (55168579500); Groenhoff, Léon (57941360500); Vologina, Elizaveta (59003510300); Basile, Paola (58163917600); Albera, Marco (59002623300)",Deep Learning in Breast Cancer Imaging: State of the Art and Recent Advancements in Early 2024,2024,10.3390/diagnostics14080848,"The rapid advancement of artificial intelligence (AI) has significantly impacted various aspects of healthcare, particularly in the medical imaging field. This review focuses on recent developments in the application of deep learning (DL) techniques to breast cancer imaging. DL models, a subset of AI algorithms inspired by human brain architecture, have demonstrated remarkable success in analyzing complex medical images, enhancing diagnostic precision, and streamlining workflows. DL models have been applied to breast cancer diagnosis via mammography, ultrasonography, and magnetic resonance imaging. Furthermore, DL-based radiomic approaches may play a role in breast cancer risk assessment, prognosis prediction, and therapeutic response monitoring. Nevertheless, several challenges have limited the widespread adoption of AI techniques in clinical practice, emphasizing the importance of rigorous validation, interpretability, and technical considerations when implementing DL solutions. By examining fundamental concepts in DL techniques applied to medical imaging and synthesizing the latest advancements and trends, this narrative review aims to provide valuable and up-to-date insights for radiologists seeking to harness the power of AI in breast cancer care. © 2024 by the authors.",,Review,All Open Access; Gold Open Access; Green Open Access,Multidisciplinary Digital Publishing Institute (MDPI),55168579500; 57941360500; 59003510300; 58163917600; 59002623300,https://www.scopus.com/pages/publications/85191359655?origin=resultslist,,Scopus,2-s2.0-85191359655,,,,,,,,,,,,,,,,,,,,,,,,,,,,,,,,,,,,,,,,,,,,,,,,,,,,,,,,,,,,,,,,,,,,,,,1,
Sin mención de mama,BB-0454,454,Advanced mastitis detection in Bos indicus cows: A deep learning approach integrated with infrared thermography,49.0,Baja,★,"No se detectan en título, resumen o palabras clave: mama. Mayor afinidad calculada: O3.",O3,17.6,20.2,34.0,25.1,No,No,Sí,Sí,Sí,"thermographic, infrared","thermographic, data, infrared","training, thermographic, models, infrared, deep, learning","validation, thermographic, infrared",prioridad_tfidf_tema_v3,Scopus,Gayathri S.L.; Bhakat M.; Mohanty T.K.; Kumar R.R.; Chaturvedi K.K.; Kumar S.,"Gayathri, S.L. (57216255948); Bhakat, M. (36118738300); Mohanty, T.K. (7003574214); Kumar, R.R. (59150017500); Chaturvedi, K.K. (55189410300); Kumar, S. (57216090668)",Advanced mastitis detection in Bos indicus cows: A deep learning approach integrated with infrared thermography,2025,10.1016/j.jtherbio.2025.104173,"Mastitis is a significant challenge in the global dairy industry, impacting animal welfare, milk quality, and production efficiency. This study proposes infrared thermography (IRT) combined with deep learning algorithms for mastitis detection in Tharparkar cattle (Bos indicus), a breed known for its resilience to harsh climates. A total of 7223 udder thermograms were collected from quarters classified as healthy, subclinical mastitis (SCM), and clinical mastitis (CM) across seasons. Thermographic imaging, the California Mastitis Test (CMT), and somatic cell count (SCC) were used to assess udder health. Thermographic variables were evaluated using receiver operating characteristic (ROC) analysis to establish threshold values. Convolutional neural networks (CNNs’), alongside ResNet-50 and VGG16 architectures, were applied to classify udder health statuses. The results revealed significant increases (p < 0.01) in the udder and teat skin surface temperatures (USST and TSST) in SCM and CM quarters compared to healthy ones, with the most substantial changes in winter. USST and TSST correlated strongly with CMT scores and log10SCC values (p < 0.01). CNN models outperformed others, achieving training and validation accuracies of 0.98 and 0.93 for Normal vs. Clinical, and 0.98 and 0.90 for Normal vs. Sub-clinical cases. This study demonstrates the potential of integrating IRT with AI-driven diagnostic models to provide non-invasive, accurate mastitis detection. These findings offer a scalable approach for enhancing herd health management, promoting economic sustainability, and enabling data-driven decision-making in resource-limited dairy systems. © 2025 Elsevier Ltd",40540820,Article,,Elsevier Ltd,57216255948; 36118738300; 7003574214; 59150017500; 55189410300; 57216090668,https://www.scopus.com/pages/publications/105008562304?origin=resultslist,"Indian Council of Agricultural Research, ICAR, (ICT unit-3(5)/2021-ICT); Indian Council of Agricultural Research, ICAR",Scopus,2-s2.0-105008562304,,,,,,,,,,,,,,,,,,,,,,,,,,,,,,,,,,,,,,,,,,,,,,,,,,,,,,,,,,,,,,,,,,,,,,,1,
Sin mención explícita de termografía o imagen térmica/infrarroja,BB-0455,455,A non-invasive hemoglobinometer,15.0,Baja,★,"No se detectan en título, resumen o palabras clave: mama, termografía, IA/modelos. Mayor afinidad calculada: O1.",O1,15.0,2.3,0.0,0.0,No,No,No,No,Sí,"particular, attention",data,,,prioridad_tfidf_tema_v3,Scopus,Nikol’skii G.P.; Gudkov A.G.; Shumakova N.A.; Sidorov I.A.; Shashurin V.D.; Leushin V.Y.; Gudkov G.A.,"Nikol’skii, G.P. (60344090600); Gudkov, A.G. (15769121000); Shumakova, N.A. (60344638700); Sidorov, I.A. (56439206700); Shashurin, V.D. (36524031200); Leushin, V. Yu. (15769433000); Gudkov, G.A. (57218096409)",A non-invasive hemoglobinometer,2026,10.1007/s10527-026-10515-w,"This article reviews data on noninvasive diagnostic methods in medicine. The physical principles, algorithms, and signal processing methods for noninvasive blood screening are described. Particular attention is paid to noninvasive hemoglobinometers. The accuracy of noninvasive devices is compared with that of traditional invasive devices. © Springer Science+Business Media, LLC, part of Springer Nature 2026.",,Article,,Springer,60344090600; 15769121000; 60344638700; 56439206700; 36524031200; 15769433000; 57218096409,https://www.scopus.com/pages/publications/105028180060?origin=resultslist,,Scopus,2-s2.0-105028180060,,,,,,,,,,,,,,,,,,,,,,,,,,,,,,,,,,,,,,,,,,,,,,,,,,,,,,,,,,,,,,,,,,,,,,,1,
Sin mención explícita de termografía o imagen térmica/infrarroja,BB-0457,457,Visible near-infrared hyperspectral imaging as a tool to characterise chicken breasts with myopathies and their durability,49.0,Baja,★,El título no identifica cáncer de mama como tema central; la mención en el resumen puede ser secundaria. Mayor afinidad calculada: O3.,O3,14.7,16.0,23.9,13.9,Sí,No,Sí,Sí,Sí,"infrared, classification, images, breast","infrared, classification, images, breast","models, machine, infrared, classification, images, breast","infrared, classification, images, breast",prioridad_tfidf_tema_v3,Scopus,Muñoz-Lapeira M.; Wold J.P.; Jofré A.; Font-i-Furnols M.; Sayavera S.; Zomeño C.,"Muñoz-Lapeira, Míriam (59458700200); Wold, Jens Petter (7004473256); Jofré, Anna (6603706427); Font-i-Furnols, Maria (12753246200); Sayavera, Susana (59655567200); Zomeño, Cristina (36516012500)",Visible near-infrared hyperspectral imaging as a tool to characterise chicken breasts with myopathies and their durability,2025,10.1016/j.saa.2025.125954,"The surgency of myopathies has posed challenges for the industry as well as researchers, making relevant the use of objective and non-destructive technologies to inspect and discriminate these disorders. In this context, hyperspectral imaging (HSI) provides special properties that allow for an accurate selection of the affected region(s). Two experiments were conducted to evaluate the feasibility of visible and near-infrared (VIS-NIR) HSI to (1) discriminate between myopathies and (2) assess their evolution during refrigerated storage. Hyperspectral images of 98 and 77 chicken breasts, for experiment (1) and (2), respectively, were analysed dividing the breast in 3 regions to precisely assign each one a myopathy or the absence of one. Support vector machine models were employed for classification. Differences between myoglobin content and water binding detected in the VIS-NIR range (386–1016 nm) were relevant enough to accurately discriminate between myopathies (76.1 % accuracy), especially spaghetti meat (94.0 % balanced accuracy). Discrimination was also successful for storage days, detecting spoilage through spectral myoglobin isoform fingerprints (99.3 % accuracy) in the short-wave NIR region (800–1015 nm). These findings suggest a potential industrial use of hyperspectral systems to sort chicken breasts based on myopathy presence by region, and to predict the evolution of their quality traits during refrigerated storage, ultimately tailoring the breast destination for each case and avoiding food waste. © 2025 The Author(s)",40037264,Article,All Open Access; Green Open Access; Hybrid Gold Open Access,Elsevier B.V.,59458700200; 7004473256; 6603706427; 12753246200; 59655567200; 36516012500,https://www.scopus.com/pages/publications/85218870190?origin=resultslist,"Generalitat de Catalunya; Indiana Retired Teachers Association, IRTA, (2021 SGR 00468, 00461); Indiana Retired Teachers Association, IRTA",Scopus,2-s2.0-85218870190,,,,,,,,,,,,,,,,,,,,,,,,,,,,,,,,,,,,,,,,,,,,,,,,,,,,,,,,,,,,,,,,,,,,,,,1,
Sin mención explícita de termografía o imagen térmica/infrarroja,BB-0458,458,Machine-learning methods in detecting breast cancer and related therapeutic issues: a review,49.0,Baja,★,"El título indica un artículo de revisión; puede servir como contexto, pero no como estudio primario. Mayor afinidad calculada: O3.",O3,15.9,39.1,49.0,41.2,Sí,Sí,No,Sí,Sí,"classification, cancer, breast","techniques, image, classification, cancer, breast","identify, models, machine, deep, classification, learning, cancer, breast","reported, classification, cancer, breast",prioridad_tfidf_tema_v3,Scopus,Jafari A.,"Jafari, Ali (59841120200)",Machine-learning methods in detecting breast cancer and related therapeutic issues: a review,2024,10.1080/21681163.2023.2299093,"In 2020, the World Health Organization reported that breast cancer resulted in the deaths of 685,000 people worldwide, with 2.3 million women diagnosed with the disease. Breast cancer is the most common cancer globally, with 7.8 million women diagnosed in the past five years. Machine learning (ML) techniques can help identify breast cancer early and define its type by analyzing tumor size. ML models have been used for image classification and cancer prediction, and have been shown to be beneficial for breast cancer diagnosis. The current systematic review aims to highlight the gaps and shortcomings of previous works regarding the use of ML for breast cancer prediction based on image processing. The review updates publications to see the pros and cons of various ML and deep learning (DL) techniques, and can benefit medical practitioners seeking advanced therapies. The previous works mainly benefited from SVM, KNN, and DT in detecting BC; however, other techniques, especially the DL ones, can be useful. © 2024 The Author(s). Published by Informa UK Limited, trading as Taylor & Francis Group.",,Article,All Open Access; Gold Open Access; Green Open Access,Taylor and Francis Ltd.,59841120200,https://www.scopus.com/pages/publications/85183931339?origin=resultslist,,Scopus,2-s2.0-85183931339,,,,,,,,,,,,,,,,,,,,,,,,,,,,,,,,,,,,,,,,,,,,,,,,,,,,,,,,,,,,,,,,,,,,,,,1,
Sin mención explícita de termografía o imagen térmica/infrarroja,BB-0466,466,Modern Surgical Techniques of Thyroidectomy and Advances in the Prevention and Treatment of Perioperative Complications,49.0,Baja,★,"No se detectan en título, resumen o palabras clave: mama, IA/modelos. Mayor afinidad calculada: O1.",O1,36.5,7.9,2.5,3.0,No,Sí,Sí,No,Sí,"particular, cancer","techniques, cancer",cancer,cancer,prioridad_tfidf_tema_v3,Scopus,Ludwig B.; Ludwig M.; Dziekiewicz A.; Mikuła A.; Cisek J.; Biernat S.; Kaliszewski K.,"Ludwig, Bartłomiej (57857950600); Ludwig, Maksymilian (57580241000); Dziekiewicz, Anna (58307896600); Mikuła, Agnieszka (57579208000); Cisek, Jakub (58308323900); Biernat, Szymon (58096930900); Kaliszewski, Krzysztof (18434316400)",Modern Surgical Techniques of Thyroidectomy and Advances in the Prevention and Treatment of Perioperative Complications,2023,10.3390/cancers15112931,"Thyroid cancer is the most common cancer of the endocrine system, and, in recent years, there has been a phenomenon of overdiagnosis followed by subsequent overtreatment. This results in an increasing number of thyroidectomy complications being faced in clinical practice. In this paper, we present the current state of knowledge and the latest findings in the fields of modern surgical techniques, thermal ablation, the identification and assessment of parathyroid function, recurrent laryngeal nerve monitoring and treatment and perioperative bleeding. We reviewed 485 papers, from which we selected 125 papers that are the most relevant. The main merit of this article is its comprehensive view of the subject under discussion—both general, concerning the selection of the appropriate method of surgery, and particular, concerning the selection of the appropriate method of prevention or treatment of selected perioperative complications. © 2023 by the authors.",,Review,All Open Access; Gold Open Access; Green Open Access,MDPI,57857950600; 57580241000; 58307896600; 57579208000; 58308323900; 58096930900; 18434316400,https://www.scopus.com/pages/publications/85161375453?origin=resultslist,"Uniwersytet Medyczny im. Piastów Slaskich we Wroclawiu, (SUBZ.A440.23.009); Uniwersytet Medyczny im. Piastów Slaskich we Wroclawiu",Scopus,2-s2.0-85161375453,,,,,,,,,,,,,,,,,,,,,,,,,,,,,,,,,,,,,,,,,,,,,,,,,,,,,,,,,,,,,,,,,,,,,,,1,
Sin mención explícita de termografía o imagen térmica/infrarroja,BB-0469,469,Forward or backward? comparison of direct inversion and forward optimization techniques for DL-DOT,49.0,Baja,★,El título no identifica cáncer de mama como tema central; la mención en el resumen puede ser secundaria. Mayor afinidad calculada: O3.,O3,28.9,19.9,38.9,6.9,Sí,No,Sí,Sí,No,"datasets, infrared, breast","infrared, techniques, image, breast","approaches, infrared, deep, learning, breast","infrared, breast",prioridad_tfidf_tema_v3,Scopus,Wiesel B.; Arnon S.,"Wiesel, Ben (57346566300); Arnon, Shlomi (57203966480)",Forward or backward? comparison of direct inversion and forward optimization techniques for DL-DOT,2023,10.1117/12.2671720,"Diffuse Optical Tomography (DOT) is an imaging method that utilizes near-infrared light to image the human body. The image is acquired by inverting a propagation model based on measuring the scattered fields. One of the most promising methods to solve DOT is deep learning, due to its high computational power and fast inference. However, the ill-posed nature of the problem and the non-uniqueness of its solution can pose challenges in learning the inverse transformation. To address these challenges, two main approaches are used: learning the forward mapping and then applying classical inversion techniques, or directly learning the inverse mapping. In this study, both approaches were applied on a realistic breast model to evaluate the impact of dataset size on the optimal technique for deep learning-based Diffuse Optical Tomography. The results showed that for the specific scenario the direct inversion approach was superior for large datasets (over 2K), improving the RMSE and CNR by 44% and 97% respectively. Conversely, the forward optimization approach was better for smaller datasets (150), improving both the RMSE and CNR by 10% and 67% respectively. © 2023 SPIE.",,Conference paper,,Optical Society of America,57346566300; 57203966480,https://www.scopus.com/pages/publications/85214782696?origin=resultslist,"Ministry of Science and Technology, Israel; Ben Gurion University",Scopus,2-s2.0-85214782696,,,,,,,,,,,,,,,,,,,,,,,,,,,,,,,,,,,,,,,,,,,,,,,,,,,,,,,,,,,,,,,,,,,,,,,1,
Sin mención explícita de termografía o imagen térmica/infrarroja,BB-0474,474,Machine learning defines a histone deacetylase-associated transcriptional prognostic signature with single-cell resolution in breast cancer,49.0,Baja,★,"No se detectan en título, resumen o palabras clave: termografía. Mayor afinidad calculada: O4.",O4,11.9,4.1,22.3,22.6,Sí,Sí,No,Sí,Sí,"datasets, cancer, breast","cancer, breast","identify, training, machine, learning, cancer, breast","validation, performance, cancer, breast",prioridad_tfidf_tema_v3,Scopus,Wang Y.; Wang Y.; Li Y.; Xu Y.; Kong L.; Liu L.; He L.; Dai J.,"Wang, Yuntao (57221386352); Wang, Yin (60068852900); Li, Yamao (58491733000); Xu, Yi (60685757300); Kong, Linglingli (57210960257); Liu, Lian (60685668600); He, Lang (36461015000); Dai, Jiangwen (60685494300)",Machine learning defines a histone deacetylase-associated transcriptional prognostic signature with single-cell resolution in breast cancer,2026,10.1016/j.bbrc.2026.154132,"Background: Breast cancer (BC) is a highly heterogeneous malignancy, and transcriptional programs associated with histone deacetylases (HDACs) may provide clinically relevant prognostic information. However, the downstream prognostic significance of HDAC-associated molecular heterogeneity remains incompletely understood. Methods: Non-negative matrix factorization (NMF) was performed in the TCGA cohort to identify HDAC-related molecular subtypes, followed by weighted gene co-expression network analysis and differential-expression analysis to derive candidate genes. A prognostic signature was then constructed using multiple machine-learning algorithms and validated across external BC cohorts. Additional analyses included multivariable and continuous-risk Cox regression, correlation analysis between the HDAC-related risk score (HRS) and HDAC family member expression, and single-cell gene-set scoring using Seurat's AddModuleScore function. Key hub genes were further examined by quantitative real-time polymerase chain reaction (qRT-PCR) and western blotting (WB). Results: NMF consensus clustering identified five HDAC-related molecular clusters with distinct survival outcomes and immune-infiltration patterns in TCGA-BRCA. WGCNA further identified subtype-associated co-expression modules, and candidate features were obtained by intersecting HDAC-cluster-associated DEGs with WGCNA-derived hub genes. A 24-gene HRS model based on CoxBoost + SuperPC showed stable prognostic performance across the TCGA training cohort and seven external breast cancer validation cohorts. Multivariable Cox analyses supported the independent prognostic value of HRS in several major cohorts. Single-cell analysis showed cell-type-specific heterogeneity of the model-related signature score, and UTRN, LIMCH1, ARNT2, and PYDC1 showed concordant expression patterns in public datasets and preliminary qRT-PCR/WB validation. Conclusion: These findings suggest that the HDAC-associated HRS model may serve as an exploratory prognostic framework for breast cancer, while further mechanistic and prospective validation is required before clinical translation. © 2026 Elsevier Inc.",42284987,Article,,Elsevier B.V.,57221386352; 60068852900; 58491733000; 60685757300; 57210960257; 60685668600; 36461015000; 60685494300,https://www.scopus.com/pages/publications/105041368676?origin=resultslist,"Natural Science Foundation of Sichuan Province, (2024NSFSC1526); Chengdu University of Traditional Chinese Medicine, (XJ2023002401); Health Commission of Chengdu Municipality, (2025410); Sichuan Medical Association, SMA, (2021HR79)",Scopus,2-s2.0-105041368676,,,,,,,,,,,,,,,,,,,,,,,,,,,,,,,,,,,,,,,,,,,,,,,,,,,,,,,,,,,,,,,,,,,,,,,1,
Título referido a mama animal u otro contexto veterinario,BB-0475,475,A New Way to Identify Mastitis in Cows Using Artificial Intelligence,49.0,Baja,★,El título no identifica cáncer de mama como tema central; la mención en el resumen puede ser secundaria. Mayor afinidad calculada: O1.,O1,49.0,49.0,40.8,43.0,Sí,Sí,Sí,Sí,Sí,"resources, infrared, classification, images, cancer, breast","infrared, image, classification, images, cancer, breast","infrared, classification, images, learning, cancer, breast","performance, infrared, classification, images, cancer, breast",prioridad_tfidf_tema_v3,Scopus; Web of Science,Silva R.A.B.D.; Pandorfi H.; Cordeiro F.R.; Soares R.G.F.; Medeiros V.W.C.D.; Almeida G.L.P.D.; Barbosa Filho J.A.D.; Marinho G.T.B.; Silva M.V.D.,"Silva, Rodes Angelo Batista da (57212556160); Pandorfi, Héliton (55972349900); Cordeiro, Filipe Rolim (15020336600); Soares, Rodrigo Gabriel Ferreira (15074406800); Medeiros, Victor Wanderley Costa de (26025676100); Almeida, Gledson Luiz Pontes de (36717425100); Barbosa Filho, José Antonio Delfino (56819393400); Marinho, Gabriel Thales Barboza (57934211400); Silva, Marcos Vinícius da (57209270890)",A New Way to Identify Mastitis in Cows Using Artificial Intelligence,2024,10.3390/agriengineering6040237,"Mastitis is a disease that is considered an obstacle in dairy farming. Some methods of diagnosing mastitis have been used effectively over the years, but with an associated relative cost that reduces the producer’s profit. In this context, this sector needs tools that offer an early, safe, and non-invasive diagnosis and that direct the producer to apply resources to confirm the clinical picture, minimizing the cost of monitoring the herd. The objective of this study was to develop a predictive methodology based on sequential knowledge transfer for the automatic detection of bovine subclinical mastitis using computer vision. The image bank used in this research consisted of 165 images, each with a resolution of 360 × 360 pixels, sourced from a database of 55 animals diagnosed with subclinical mastitis, all of which were not exhibiting clinical symptoms at the time of imaging. The images utilized in the sequential learning transfer were those of MammoTherm, which is used for the detection of breast cancer in women. The optimized model demonstrated the most optimal network performance, achieving 92.1% accuracy, in comparison to the model with manual search (86.1%). The proposed predictive methodologies, based on knowledge transfer, were effective in accurately classifying the images. This significantly enhanced the automatic detection of both healthy animals and those diagnosed with subclinical mastitis using thermal images of the udders of dairy cows. © 2024 by the authors.",,Article,All Open Access; Gold Open Access,Multidisciplinary Digital Publishing Institute (MDPI),57212556160; 55972349900; 15020336600; 15074406800; 26025676100; 36717425100; 56819393400; 57934211400; 57209270890,https://www.scopus.com/pages/publications/85213317492?origin=resultslist,"UFRPE; Universidade Federal de Pernambuco, UFPE; Foundation for the Support of Science and Technology of the State of Pernambuco; Fundação de Amparo à Ciência e Tecnologia do Estado de Pernambuco, FACEPE, (APQ-0496-5.03/22); Fundação de Amparo à Ciência e Tecnologia do Estado de Pernambuco, FACEPE",Scopus,2-s2.0-85213317492,J,,,,,,AGRIENGINEERING,,,,,,,,,image analysis; dairy cattle; convolutional neural network; infrared thermography,DAIRY-COWS; INFRARED THERMOGRAPHY; SUBCLINICAL MASTITIS; SURFACE-TEMPERATURE; CLASSIFICATION; HEALTH,"[da Silva, Rodes Angelo Batista; Pandorfi, Heliton; de Almeida, Gledson Luiz Pontes; Marinho, Gabriel Thales Barboza; da Silva, Marcos Vinicius] Rural Fed Univ Pernambuco, Dept Agr Engn, BR-52171900 Recife, PE, Brazil; [Cordeiro, Filipe Rolim] Rural Fed Univ Pernambuco, Dept Comp, BR-52171900 Recife, PE, Brazil; [Soares, Rodrigo Gabriel Ferreira; de Medeiros, Victor Wanderley Costa] Rural Fed Univ Pernambuco, Dept Stat & Informat, BR-52171900 Recife, PE, Brazil; [Barbosa Filho, Jose Antonio Delfino] Univ Fed Ceara, Dept Agr Engn, BR-60020181 Fortaleza, CE, Brazil",,"Pandorfi, H (corresponding author), Rural Fed Univ Pernambuco, Dept Agr Engn, BR-52171900 Recife, PE, Brazil.",rodesangel@gmail.com; heliton.pandorfi@ufrpe.br; filipe.rolim@ufrpe.br; rodrigo.gfsoares@ufrpe.br; victor.wanderley@ufrpe.br; gledson.almeida@ufrpe.br; zkdelfino@ufc.br; gabriel.bmarinho@ufrpe.br; marcos.viniciussilva@ufrpe.br,,,,,,,,,,,,,,,2624-7402,,,,DEC,6,4,,,,,4220,4232,,0,,,,,,Agriculture,Q4D0T,,,,WOS:001384197300001,0,"da Silva, RAB; Pandorfi, H; Cordeiro, FR; Soares, RGF; de Medeiros, VWC; de Almeida, GLP; Barbosa, JAD; Marinho, GTB; da Silva, MV","da Silva, Rodes Angelo Batista; Pandorfi, Heliton; Cordeiro, Filipe Rolim; Soares, Rodrigo Gabriel Ferreira; de Medeiros, Victor Wanderley Costa; de Almeida, Gledson Luiz Pontes; Barbosa Filho, Jose Antonio Delfino; Marinho, Gabriel Thales Barboza; da Silva, Marcos Vinicius",A New Way to Identify Mastitis in Cows Using Artificial Intelligence,2024,10.3390/agriengineering6040237,"Mastitis is a disease that is considered an obstacle in dairy farming. Some methods of diagnosing mastitis have been used effectively over the years, but with an associated relative cost that reduces the producer's profit. In this context, this sector needs tools that offer an early, safe, and non-invasive diagnosis and that direct the producer to apply resources to confirm the clinical picture, minimizing the cost of monitoring the herd. The objective of this study was to develop a predictive methodology based on sequential knowledge transfer for the automatic detection of bovine subclinical mastitis using computer vision. The image bank used in this research consisted of 165 images, each with a resolution of 360 x 360 pixels, sourced from a database of 55 animals diagnosed with subclinical mastitis, all of which were not exhibiting clinical symptoms at the time of imaging. The images utilized in the sequential learning transfer were those of MammoTherm, which is used for the detection of breast cancer in women. The optimized model demonstrated the most optimal network performance, achieving 92.1% accuracy, in comparison to the model with manual search (86.1%). The proposed predictive methodologies, based on knowledge transfer, were effective in accurately classifying the images. This significantly enhanced the automatic detection of both healthy animals and those diagnosed with subclinical mastitis using thermal images of the udders of dairy cows.",Article,gold,2,
Título referido a mama animal u otro contexto veterinario,BB-0482,482,Machine Learning Techniques Associated With Infrared Thermography to Optimize the Diagnosis of Bovine Subclinical Mastitis,49.0,Baja,★,El título no identifica cáncer de mama como tema central; la mención en el resumen puede ser secundaria. Mayor afinidad calculada: O4.,O4,16.7,26.0,24.5,29.8,Sí,No,Sí,Sí,Sí,"thermographic, infrared, classification","thermographic, data, infrared, techniques, classification","thermographic, machine, infrared, classification, learning","evaluation, thermographic, performance, infrared, classification",prioridad_tfidf_tema_v3,Scopus; Web of Science,Santana R.C.M.; Guimarães E.D.S.; Caracuschanski F.D.; Brassolatti L.C.; Silva M.L.D.; Garcia A.R.; Pezzopane J.R.M.; Alves T.C.; Tholon P.; Santos M.V.D.; Zafalon L.F.,"Santana, Raul Costa Mascarenhas (57072919000); Guimarães, Edilson da Silva (59294817100); Caracuschanski, Fernando David (59708227600); Brassolatti, Larissa Cristina (57214185647); Silva, Maria Laura da (59708227700); Garcia, Alexandre Rossetto (25640604600); Pezzopane, José Ricardo Macedo (6506835046); Alves, Teresa Cristina (23003250800); Tholon, Patrícia (21744249600); Santos, Marcos Veiga dos (35586078900); Zafalon, Luiz Francisco (11539941300)",Machine Learning Techniques Associated With Infrared Thermography to Optimize the Diagnosis of Bovine Subclinical Mastitis,2025,10.1155/vmi/5585458,"Bovine subclinical mastitis (SCM) is the costliest disease for the dairy industry. Technologies aimed at the early diagnosis of this condition, such as infrared thermography (IRT), can be used to generate large amounts of data that provide valuable information when analyzed using learning techniques. The objective of this study was to evaluate and optimize the use of machine learning by applying the Extreme Gradient Boosting (XGBoost) algorithm in the diagnosis of bovine SCM, based on udder thermogram analysis. Over 14 months, a total of 1035 milk samples were collected from 97 dairy cows subjected to an automatic milking system. Somatic cell counts were performed by flow cytometry, and the health status of the mammary gland was determined based on a cutoff of 200,000 cells/mL of milk. The attributes analyzed collectively included air temperature, relative humidity, temperature-humidity index, breed, body temperature, teat dirtiness score, parity, days in milk, mammary gland position, milk yield, electrical conductivity, milk fat, coldest and hottest points in the mammary gland region of interest, average mammary gland temperature, thermal amplitude, and the difference between the average temperature of the region of interest and the animal’s body temperature, as well as the microbiological evaluation of the milk. Using the XGBoost algorithm, the most relevant variables for solving the classification problem were identified and selected to construct the final model with the best fit and performance. The best area under the receiver operating characteristic curve (AUC: 0.843) and specificity (Sp: 93.3%) were obtained when using all thermographic variables. The coldest point in the region of interest was considered the most important for decision making in mastitis diagnosis. The use of XGBoost can enhance the diagnostic capability for SCM when IRT is employed. The developed optimized model can be used as a confirmatory mechanism for SCM. Copyright © 2025 Raul Costa Mascarenhas Santana et al. Veterinary Medicine International published by John Wiley & Sons Ltd.",,Article,All Open Access; Gold Open Access; Green Open Access,John Wiley and Sons Ltd,57072919000; 59294817100; 59708227600; 57214185647; 59708227700; 25640604600; 6506835046; 23003250800; 21744249600; 35586078900; 11539941300,https://www.scopus.com/pages/publications/105000851096?origin=resultslist,"São Paulo Research Foundation-FAPESP; São Paulo Research Foundation‐FAPESP, (2020/16240‐4); Conselho Nacional de Desenvolvimento Científico e Tecnológico, CNPq, (404513/2021-2); Conselho Nacional de Desenvolvimento Científico e Tecnológico, CNPq",Scopus,2-s2.0-105000851096,J,,,,,,VETERINARY MEDICINE INTERNATIONAL,,,,,,,,,dairy cattle; Extreme Gradient Boosting; robotic milking system,SURFACE-TEMPERATURE; DAIRY-COWS; ALGORITHM,"[Santana, Raul Costa Mascarenhas; Caracuschanski, Fernando David; Brassolatti, Larissa Cristina] Sao Paulo State Univ Unesp, Sch Agr & Vet Sci, Jaboticabal, Brazil; [Santana, Raul Costa Mascarenhas; Guimaraes, Edilson da Silva; Garcia, Alexandre Rossetto; Pezzopane, Jose Ricardo Macedo; Alves, Teresa Cristina; Tholon, Patricia; Zafalon, Luiz Francisco] Embrapa Southeast Livestock, Sao Carlos, Brazil; [da Silva, Maria Laura] Cent Paulista Univ Ctr UNICEP, Sao Carlos, Brazil; [dos Santos, Marcos Veiga] Univ Sao Paulo FMVZ USP, Sch Vet Med & Anim Sci, Sao Paulo, Brazil",,"Santana, RCM (corresponding author), Sao Paulo State Univ Unesp, Sch Agr & Vet Sci, Jaboticabal, Brazil.;Santana, RCM (corresponding author), Embrapa Southeast Livestock, Sao Carlos, Brazil.",raul.mascarenhas@unesp.br,,,,,,,,,,,,,,2090-8113,2042-0048,,,,,2025,1,,,,,,,5585458,0,,,,,,Veterinary Sciences,W1W9Z,,,,WOS:001416574800001,0,"Santana, RCM; Guimaraes, ED; Caracuschanski, FD; Brassolatti, LC; da Silva, ML; Garcia, AR; Pezzopane, JRM; Alves, TC; Tholon, P; dos Santos, MV; Zafalon, LF","Santana, Raul Costa Mascarenhas; Guimaraes, Edilson da Silva; Caracuschanski, Fernando David; Brassolatti, Larissa Cristina; da Silva, Maria Laura; Garcia, Alexandre Rossetto; Pezzopane, Jose Ricardo Macedo; Alves, Teresa Cristina; Tholon, Patricia; dos Santos, Marcos Veiga; Zafalon, Luiz Francisco",Machine Learning Techniques Associated With Infrared Thermography to Optimize the Diagnosis of Bovine Subclinical Mastitis,2025,10.1155/vmi/5585458,"Bovine subclinical mastitis (SCM) is the costliest disease for the dairy industry. Technologies aimed at the early diagnosis of this condition, such as infrared thermography (IRT), can be used to generate large amounts of data that provide valuable information when analyzed using learning techniques. The objective of this study was to evaluate and optimize the use of machine learning by applying the Extreme Gradient Boosting (XGBoost) algorithm in the diagnosis of bovine SCM, based on udder thermogram analysis. Over 14 months, a total of 1035 milk samples were collected from 97 dairy cows subjected to an automatic milking system. Somatic cell counts were performed by flow cytometry, and the health status of the mammary gland was determined based on a cutoff of 200,000 cells/mL of milk. The attributes analyzed collectively included air temperature, relative humidity, temperature-humidity index, breed, body temperature, teat dirtiness score, parity, days in milk, mammary gland position, milk yield, electrical conductivity, milk fat, coldest and hottest points in the mammary gland region of interest, average mammary gland temperature, thermal amplitude, and the difference between the average temperature of the region of interest and the animal's body temperature, as well as the microbiological evaluation of the milk. Using the XGBoost algorithm, the most relevant variables for solving the classification problem were identified and selected to construct the final model with the best fit and performance. The best area under the receiver operating characteristic curve (AUC: 0.843) and specificity (Sp: 93.3%) were obtained when using all thermographic variables. The coldest point in the region of interest was considered the most important for decision making in mastitis diagnosis. The use of XGBoost can enhance the diagnostic capability for SCM when IRT is employed. The developed optimized model can be used as a confirmatory mechanism for SCM.",Article,"Green Submitted, gold",2,
Sin mención explícita de termografía o imagen térmica/infrarroja,BB-0502,502,Detailed Review on Breast Cancer Diagnosis Using Different ML Algorithms,49.0,Baja,★,"El título indica un artículo de revisión; puede servir como contexto, pero no como estudio primario. Mayor afinidad calculada: O4.",O4,29.3,18.3,34.5,41.8,Sí,Sí,No,Sí,Sí,"datasets, cancer, breast","techniques, cancer, breast","machine, learning, cancer, breast","reported, cancer, breast",prioridad_tfidf_tema_v3,Scopus,Vandana L.; Radhika K.,"Vandana, L. (57224121332); Radhika, K. (56689850600)",Detailed Review on Breast Cancer Diagnosis Using Different ML Algorithms,2021,10.1007/978-981-16-0081-4_52,"Breast cancer is the most prevalent cancer among Indian females with high mortality rate. It is reported that the incidence of breast cancer in India would reach upto 2 lakh per year by 2030. If breast cancer detected in early stages, it could be treated effectively resulting in decreased mortality. Machine learning is a specific field in artificial intelligence that utilizes variety of probabilistic techniques, statistical measures, optimization methods and allows systems to learn from past examples to discover patterns from large volumes of datasets. As a result, machine learning algorithms are used as efficient tools to diagnose and detect breast cancer. Since 80 s, there is an on-going research to diagnose and detect breast cancer using machine learning algorithms. This survey paper focuses on the overview of this research. © 2021, The Author(s), under exclusive license to Springer Nature Singapore Pte Ltd.",,Book chapter,,Springer Science and Business Media Deutschland GmbH,57224121332; 56689850600,https://www.scopus.com/pages/publications/85107050051?origin=resultslist,,Scopus,2-s2.0-85107050051,,,,,,,,,,,,,,,,,,,,,,,,,,,,,,,,,,,,,,,,,,,,,,,,,,,,,,,,,,,,,,,,,,,,,,,1,
Sin mención explícita de termografía o imagen térmica/infrarroja,BB-0525,525,Breast Cancer Detection Using Deep learning and IoT Technologies.,49.0,Baja,★,"No se detectan en título, resumen o palabras clave: termografía. Mayor afinidad calculada: O2.",O2,9.6,34.8,7.8,9.1,Sí,Sí,No,Sí,Sí,"cancer, breast","according, cancer, breast","cancer, breast","cancer, breast",prioridad_tfidf_tema_v3,Scopus,Salvi S.; Kadam A.,"Salvi, Siddhant (36708540300); Kadam, Ameya (37112349400)",Breast Cancer Detection Using Deep learning and IoT Technologies.,2021,10.1088/1742-6596/1831/1/012030,"In today's world fostering health is of utmost importance. The prevalence of health issues has posted a serious burden on the doctors across the globe and because of this treating every patient efficiently becomes difficult. To ease the burden on the doctors there have been significant revolutionizing ideas that has changed the healthcare industry. With the advancements in computer technology, accurate and faster results can be generated and accordingly the patients can be treated. Detection of cancer in early stages is still an issue in the healthcare. According to the World Health Organization, the diagnosis and eradication of cancer cells can be done, if they are detected in their early stages. Hence, to mitigate the issues pertaining to cancer, early detection of cancer cells is must. Of all the different types of cancer the patients being affected with breast cancer is at the top. Many women are vulnerable to breast cancer and hence the detection of those cancer cells becomes important to eradicate them from the patient's body. According to the WHO, around a million women died in 2011 because of breast cancer and this issue is burgeoning. Breast cancer is the second most common cancer in women and men worldwide. In 2012, it represented about 12 percent of all new cancer cases and 25 percent of all cancers in women.Breast cancer enhances when cells in the breast begin to grow out of control. These cells usually form a tumour that can often be seen on an x-ray or felt as a lump. The tumour is malignant (cancer) if the cells can grow into (invade) encompassing tissues or spread (metastasize) to far off territories of the body. The survival from breast cancer is also less. This paper tries to put forward a solution that could help the patient determine whether she is vulnerable to breast cancer at an early stage itself so that with proper treatment, the breast cancer cells can be eradicated. © Published under licence by IOP Publishing Ltd.",,Conference paper,All Open Access; Gold Open Access,IOP Publishing Ltd,36708540300; 37112349400,https://www.scopus.com/pages/publications/85103340596?origin=resultslist,,Scopus,2-s2.0-85103340596,,,,,,,,,,,,,,,,,,,,,,,,,,,,,,,,,,,,,,,,,,,,,,,,,,,,,,,,,,,,,,,,,,,,,,,1,
Título referido a mama animal u otro contexto veterinario,BB-0533,533,Bovine serum albumin encapsulation of near infrared fluorescent nano-probe with low nonspecificity and cytotoxicity for imaging of HER2-positive breast cancer cells,74.1,Media,★★,Se detectan mama y termografía; conviene comprobar el alcance en el texto completo. Mayor afinidad calculada: O2.,O2,25.6,25.9,22.7,24.1,Sí,Sí,Sí,Sí,Sí,"infrared, classification, cancer, breast","infrared, classification, cancer, breast","infrared, classification, cancer, breast","infrared, classification, cancer, breast",prioridad_tfidf_tema_v3,Scopus; Web of Science,Wei T.; Xing H.; Wang H.; Zhang Y.; Wang J.; Shen J.; Dai Z.,"Wei, Tianxiang (58128450900); Xing, Hong (57197788241); Wang, Huafeng (57212488840); Zhang, Yuluan (57212495969); Wang, Junning (57214695004); Shen, Jian (57199270806); Dai, Zhihui (14009607100)",Bovine serum albumin encapsulation of near infrared fluorescent nano-probe with low nonspecificity and cytotoxicity for imaging of HER2-positive breast cancer cells,2020,10.1016/j.talanta.2019.120625,"Breast cancer with HER2 overexpressing type links to malignant tumor growth and poor clinical outcome. Successful development of sensitive and selective nano-probe for identification of HER2-positive breast cancer cells is of great importance for breast cancer early diagnosis, subtype classification, and treatment planning. Herein, we report a HER2 antibody conjugated near infrared (NIR) emitted MnCuInS/ZnS qumtun dots (QDs) encapsulated bovine serum albumin (BSA) nano-probe for accurately targeted imaging of HER2-positive breast cancer cells. This NIR nano-probe shows good biocompatibility, low nonspecificity and cytotoxicity, high colloidal stability, and allows HER2-positive breast cancer cell identification with good selectivity. The practicality of this targeted NIR fluorescent nano-probe was proved by successful identifying HER2-positive breast cancer cells from HER2-negative breast cancer cells, which indicates that it can be efficiently applied in selective screening of HER2 overexpressing cancer cells, and provide a platform for the strategy design on the distinction of different breast cancer subtypes. © 2019 Elsevier B.V.",31987166,Article,,Elsevier B.V.,58128450900; 57197788241; 57212488840; 57212495969; 57214695004; 57199270806; 14009607100,https://www.scopus.com/pages/publications/85076839346?origin=resultslist,"National Natural Science Foundation of China, NSFC, (21475062, 21625502, 21705079); Natural Science Foundation of Jiangsu Province, (BK20171033); Natural Science Research of Jiangsu Higher Education Institutions of China, (17KJB150026); Priority Academic Program Development of Jiangsu Higher Education Institutions, PAPD",Scopus,2-s2.0-85076839346,J,,,,,,TALANTA,,,,,,,,,Bovine serum albumin; Near infrared imaging; HER2 overexpression; Breast cancer,SEMICONDUCTING POLYMER DOTS; QUANTUM DOTS; GOLD NANOCLUSTERS; ENERGY-TRANSFER; IN-VITRO; NANOPARTICLE; FRET; QDS; FUNCTIONALIZATION; EMISSION,"[Wei, Tianxiang; Xing, Hong; Wang, Huafeng; Zhang, Yuluan; Wang, Junning; Shen, Jian; Dai, Zhihui] Nanjing Normal Univ, Sch Chem & Mat Sci, Jiangsu Key Lab Biofunct Mat, Nanjing 210023, Peoples R China; [Wei, Tianxiang] Nanjing Normal Univ, Sch Environm, Nanjing 210023, Peoples R China; [Dai, Zhihui] Nanjing Normal Univ, Ctr Anal & Testing, Nanjing 210023, Peoples R China",,"Shen, J; Dai, ZH (corresponding author), Nanjing Normal Univ, Sch Chem & Mat Sci, Jiangsu Key Lab Biofunct Mat, Nanjing 210023, Peoples R China.",jshen@njnu.edu.cn; daizhihuii@njnu.edu.cn,,,,,,,,,,,,,,0039-9140,1873-3573,,,,APR 1,210,,,,,,,,120625,0,,,,,,Chemistry,KM6EE,,,,WOS:000514230600017,0,"Wei, TX; Xing, H; Wang, HF; Zhang, YL; Wang, JN; Shen, J; Dai, ZH","Wei, Tianxiang; Xing, Hong; Wang, Huafeng; Zhang, Yuluan; Wang, Junning; Shen, Jian; Dai, Zhihui",Bovine serum albumin encapsulation of near infrared fluorescent nano-probe with low nonspecificity and cytotoxicity for imaging of HER2-positive breast cancer cells,2020,10.1016/j.talanta.2019.120625,"Breast cancer with HER2 overexpressing type links to malignant tumor growth and poor clinical outcome. Successful development of sensitive and selective nano-probe for identification of HER2-positive breast cancer cells is of great importance for breast cancer early diagnosis, subtype classification, and treatment planning. Herein, we report a HER2 antibody conjugated near infrared (NIR) emitted MnCuInS/ZnS qumtun dots (QDs) encapsulated bovine serum albumin (BSA) nano-probe for accurately targeted imaging of HER2-positive breast cancer cells. This NIR nano-probe shows good biocompatibility, low nonspecificity and cytotoxicity, high colloidal stability, and allows HER2-positive breast cancer cell identification with good selectivity. The practicality of this targeted NIR fluorescent nano-probe was proved by successful identifying HER2-positive breast cancer cells from HER2-negative breast cancer cells, which indicates that it can be efficiently applied in selective screening of HER2 overexpressing cancer cells, and provide a platform for the strategy design on the distinction of different breast cancer subtypes.",Article,,2,
Sin mención explícita de termografía o imagen térmica/infrarroja,BB-0535,535,Multiview multimodal network for breast cancer diagnosis in contrast-enhanced spectral mammography images,49.0,Baja,★,"No se detectan en título, resumen o palabras clave: termografía. Mayor afinidad calculada: O2.",O2,22.7,70.0,44.5,26.4,Sí,Sí,No,Sí,Sí,"classification, images, cancer, breast","purpose, according, image, classification, images, cancer, breast","models, deep, classification, images, learning, cancer, breast","performance, classification, images, cancer, breast",prioridad_tfidf_tema_v3,Scopus,Song J.; Zheng Y.; Zakir Ullah M.; Wang J.; Jiang Y.; Xu C.; Zou Z.; Ding G.,"Song, Jingqi (57223291489); Zheng, Yuanjie (23471581800); Zakir Ullah, Muhammad (57225098466); Wang, Junxia (57218250180); Jiang, Yanyun (57208296460); Xu, Chenxi (57223297795); Zou, Zhenxing (57208770121); Ding, Guocheng (57223297405)",Multiview multimodal network for breast cancer diagnosis in contrast-enhanced spectral mammography images,2021,10.1007/s11548-021-02391-4,"Purpose: CESM (contrast-enhanced spectral mammography) is an efficient tool for detecting breast cancer because of its image characteristics. However, among most deep learning-based methods for breast cancer classification, few models can integrate both its multiview and multimodal features. To effectively utilize the image features of CESM and thus help physicians to improve the accuracy of diagnosis, we propose a multiview multimodal network (MVMM-Net). Methods: The experiment is carried out to evaluate the in-house CESM images dataset taken from 95 patients aged 21–74 years with 760 images. The framework consists of three main stages: the input of the model, image feature extraction, and image classification. The first stage is to preprocess the CESM to utilize its multiview and multimodal features effectively. In the feature extraction stage, a deep learning-based network is used to extract CESM images features. The last stage is to integrate different features for classification using the MVMM-Net model. Results: According to the experimental results, the proposed method based on the Res2Net50 framework achieves an accuracy of 96.591%, sensitivity of 96.396%, specificity of 96.350%, precision of 96.833%, F1_score of 0.966, and AUC of 0.966 on the test set. Comparative experiments illustrate that the classification performance of the model can be improved by using multiview multimodal features. Conclusion: We proposed a deep learning classification model that combines multiple features of CESM. The results of the experiment indicate that our method is more precise than the state-of-the-art methods and produces accurate results for the classification of CESM images. © 2021, CARS.",33966155,Article,,Springer Science and Business Media Deutschland GmbH,57223291489; 23471581800; 57225098466; 57218250180; 57208296460; 57223297795; 57208770121; 57223297405,https://www.scopus.com/pages/publications/85105488298?origin=resultslist,"Major Program of Shandong Province Natural Science Foundation, (ZR2018ZB0419); Taishan Scholar Program of Shandong Province of China, (TSHW201502038); National Natural Science Foundation of China, NSFC, (61773246, 81871508); National Natural Science Foundation of China, NSFC",Scopus,2-s2.0-85105488298,,,,,,,,,,,,,,,,,,,,,,,,,,,,,,,,,,,,,,,,,,,,,,,,,,,,,,,,,,,,,,,,,,,,,,,1,
Sin mención explícita de termografía o imagen térmica/infrarroja,BB-0594,594,A comprehensive survey on deep-learning-based breast cancer diagnosis,49.0,Baja,★,"El título indica un artículo de revisión; puede servir como contexto, pero no como estudio primario. Mayor afinidad calculada: O4.",O4,27.0,22.7,27.6,49.0,Sí,Sí,No,Sí,Sí,"datasets, cancer, breast","techniques, image, cancer, breast","deep, learning, cancer, breast","summarize, metrics, limitations, performance, cancer, breast",prioridad_tfidf_tema_v3,Scopus,Mridha M.F.; Hamid M.A.; Monowar M.M.; Keya A.J.; Ohi A.Q.; Islam M.R.; Kim J.-M.,"Mridha, Muhammad Firoz (36761314400); Hamid, Md. Abdul (14037299100); Monowar, Muhammad Mostafa (24328696100); Keya, Ashfia Jannat (57355174200); Ohi, Abu Quwsar (57217523197); Islam, Md. Rashedul (56420500200); Kim, Jong-Myon (55850196800)",A comprehensive survey on deep-learning-based breast cancer diagnosis,2021,10.3390/cancers13236116,"Breast cancer is now the most frequently diagnosed cancer in women, and its percentage is gradually increasing. Optimistically, there is a good chance of recovery from breast cancer if identified and treated at an early stage. Therefore, several researchers have established deep-learningbased automated methods for their efficiency and accuracy in predicting the growth of cancer cells utilizing medical imaging modalities. As of yet, few review studies on breast cancer diagnosis are available that summarize some existing studies. However, these studies were unable to address emerging architectures and modalities in breast cancer diagnosis. This review focuses on the evolving architectures of deep learning for breast cancer detection. In what follows, this survey presents existing deep-learning-based architectures, analyzes the strengths and limitations of the existing studies, examines the used datasets, and reviews image pre-processing techniques. Furthermore, a concrete review of diverse imaging modalities, performance metrics and results, challenges, and research directions for future researchers is presented. © 2021 by the authors. Licensee MDPI, Basel, Switzerland.",,Review,All Open Access; Gold Open Access; Green Open Access,MDPI,36761314400; 14037299100; 24328696100; 57355174200; 57217523197; 56420500200; 55850196800,https://www.scopus.com/pages/publications/85120631692?origin=resultslist,"Ministry of Science and Technology Information and Communication Promotion Fund; University of Ulsan, UOU; Bangladesh University of Business & Technology; University of Asia Pacific, UAP; National Infrastructure Intelligence Informatization Project",Scopus,2-s2.0-85120631692,,,,,,,,,,,,,,,,,,,,,,,,,,,,,,,,,,,,,,,,,,,,,,,,,,,,,,,,,,,,,,,,,,,,,,,1,
Sin mención explícita de termografía o imagen térmica/infrarroja,BB-0595,595,Breast Cancer Image Classification: A Review,49.0,Baja,★,"El título indica un artículo de revisión; puede servir como contexto, pero no como estudio primario. Mayor afinidad calculada: O3.",O3,17.0,30.4,36.0,16.1,Sí,Sí,No,Sí,Sí,"classification, cancer, breast","data, image, classification, cancer, breast","approaches, deep, classification, learning, cancer, breast","classification, cancer, breast",prioridad_tfidf_tema_v3,Scopus,Pathak P.; Jalal A.S.; Rai R.,"Pathak, Pooja (56594454000); Jalal, Anand Singh (14021410900); Rai, Ritu (57226624753)",Breast Cancer Image Classification: A Review,2021,10.2174/0929867328666201228125208,"Background: Breast cancer represents uncontrolled breast cell growth. Breast cancer is the most diagnosed cancer in women worldwide. Early detection of breast cancer improves the chances of survival and increases treatment options. There are various methods for screening breast cancer, such as mammogram, ultrasound, computed tomography and Magnetic Resonance Imaging (MRI). MRI is gaining prominence as an alternative screening tool for early detection and breast cancer diagnosis. Nevertheless, MRI can hardly be examined without the use of a Computer-Aided Diagnosis (CAD) framework, due to the vast amount of data. Objective: This paper aims to cover the approaches used in the CAD system for the detection of breast cancer. Methods: In this paper, the methods used in CAD systems are categories into two classes: the conventional approach and artificial intelligence (AI) approach. Results: The conventional approach covers the basic steps of image processing, such as preprocess-ing, segmentation, feature extraction and classification. The AI approach covers the various convolutional and deep learning networks used for diagnosis. Conclusion: This review discusses some of the core concepts used in breast cancer and presents a comprehensive review of efforts in the past to address this problem. © 2021, Bentham Science Publishers. All rights reserved.",33371857,Review,,Bentham Science Publishers,56594454000; 14021410900; 57226624753,https://www.scopus.com/pages/publications/85112124852?origin=resultslist,,Scopus,2-s2.0-85112124852,,,,,,,,,,,,,,,,,,,,,,,,,,,,,,,,,,,,,,,,,,,,,,,,,,,,,,,,,,,,,,,,,,,,,,,1,
Sin mención explícita de termografía o imagen térmica/infrarroja,BB-0606,606,Automatic detection of perforators for microsurgical reconstruction,9.8,Baja,★,"No se detectan en título, resumen o palabras clave: mama, termografía, IA/modelos.",,0.0,0.0,0.0,0.0,No,No,No,No,Sí,,,,,prioridad_tfidf_tema_v3,Scopus,Thiessen F.E.F.; Tondu T.; Verhoeven V.; Hubens G.; Steenackers G.; Tjalma W.A.A.,"Thiessen, Filip E.F. (23478832500); Tondu, Thierry (6505810232); Verhoeven, Veronique (6701706808); Hubens, Guy (7003619362); Steenackers, Gunther (57922687800); Tjalma, Wiebren A.A. (7005898765)",Automatic detection of perforators for microsurgical reconstruction,2020,10.1016/j.breast.2020.06.004,[No abstract available],32619788,Letter,All Open Access; Gold Open Access; Green Open Access,Churchill Livingstone,23478832500; 6505810232; 6701706808; 7003619362; 57922687800; 7005898765,https://www.scopus.com/pages/publications/85087024687?origin=resultslist,,Scopus,2-s2.0-85087024687,,,,,,,,,,,,,,,,,,,,,,,,,,,,,,,,,,,,,,,,,,,,,,,,,,,,,,,,,,,,,,,,,,,,,,,1,
